IQ,250,0,2,44.0,-101.0,-103.0,-51.0
IQ,250,0,3,-58.0,95.0,112.0,20.0
IQ,250,0,4,90.0,-64.0,-110.0,25.0
IQ,250,0,5,-24.0,-109.0,-82.0,-78.0
IQ,250,0,6,40.0,104.0,72.0,88.0
IQ,250,0,7,0.0,0.0,0.0,0.0
IQ,250,0,8,0.0,0.0,0.0,0.0
IQ,250,0,9,62.0,-93.0,-102.0,46.0
IQ,250,0,10,55.0,-98.0,-105.0,42.0
IQ,250,0,11,-109.0,36.0,43.0,-105.0
IQ,250,0,12,0.0,0.0,0.0,0.0
IQ,250,0,13,111.0,-33.0,-19.0,111.0
IQ,250,0,14,0.0,0.0,0.0,0.0
IQ,250,0,15,-85.0,-82.0,-107.0,-38.0
IQ,250,0,16,0.0,0.0,0.0,0.0
IQ,250,0,17,0.0,0.0,0.0,0.0
IQ,250,0,18,81.0,-87.0,-23.0,110.0
IQ,250,0,19,-29.0,-117.0,-97.0,56.0
IQ,250,0,20,0.0,0.0,0.0,0.0
IQ,250,0,21,-109.0,-50.0,-110.0,-20.0
IQ,250,0,22,0.0,0.0,0.0,0.0
IQ,250,0,23,0.0,0.0,0.0,0.0
IQ,250,0,24,0.0,0.0,0.0,0.0
IQ,250,0,25,0.0,0.0,0.0,0.0
IQ,250,0,26,-117.0,10.0,-104.0,-19.0
IQ,250,0,27,-116.0,7.0,-103.0,-12.0
IQ,250,0,28,4.0,-116.0,8.0,100.0
IQ,250,0,29,32.0,-108.0,40.0,90.0
IQ,250,0,30,-7.0,-110.0,16.0,97.0
IQ,250,0,31,-101.0,41.0,-95.0,-10.0
IQ,250,0,32,-102.0,38.0,-92.0,-19.0
IQ,250,0,33,-26.0,-105.0,12.0,91.0
IQ,250,0,34,37.0,-100.0,62.0,67.0
IQ,250,0,35,0.0,0.0,0.0,0.0
IQ,250,0,36,-107.0,-6.0,-80.0,43.0
IQ,250,0,37,-26.0,105.0,-57.0,-72.0
IQ,250,0,38,-102.0,-44.0,-57.0,72.0
IQ,250,0,39,-39.0,106.0,-76.0,-56.0
IQ,250,0,40,-110.0,33.0,-90.0,28.0
IQ,250,0,41,-91.0,75.0,-97.0,-7.0
IQ,250,0,42,89.0,78.0,14.0,-97.0
IQ,250,0,43,-89.0,-84.0,-8.0,98.0
IQ,250,0,44,0.0,0.0,0.0,0.0
IQ,250,0,45,-19.0,126.0,-86.0,-57.0
IQ,250,0,46,-105.0,76.0,-100.0,32.0
IQ,250,0,47,-35.0,-129.0,74.0,74.0
IQ,250,0,48,89.0,103.0,-39.0,-101.0
IQ,250,0,49,-133.0,42.0,-74.0,82.0
IQ,250,0,50,-141.0,-24.0,-21.0,111.0
IQ,250,0,51,2.0,-147.0,113.0,26.0
IQ,250,0,52,120.0,-91.0,90.0,-77.0
IQ,250,0,53,-140.0,67.0,-60.0,105.0
IQ,250,0,54,69.0,143.0,-113.0,-52.0
IQ,250,0,55,-159.0,-42.0,45.0,119.0
IQ,250,0,56,-157.0,64.0,-14.0,129.0
IQ,250,0,57,-70.0,-157.0,131.0,16.0
IQ,250,0,58,169.0,-47.0,-24.0,-133.0
IQ,250,0,59,-150.0,-103.0,126.0,58.0
IQ,250,0,60,-104.0,-152.0,140.0,-1.0
IQ,250,0,61,-114.0,150.0,-29.0,140.0
IQ,250,0,62,62.0,-181.0,48.0,-138.0
IQ,250,0,63,150.0,-123.0,-57.0,-138.0
IQ,250,0,64,-160.0,116.0,75.0,132.0
IQ,250,0,65,185.0,75.0,-152.0,26.0
IQ,250,0,66,-57.0,-196.0,67.0,-141.0
IQ,250,0,67,204.0,-1.0,-157.0,3.0
IQ,250,0,68,-200.0,-52.0,148.0,-56.0
IQ,250,0,69,-50.0,-201.0,-9.0,-159.0
IQ,250,0,70,-197.0,51.0,155.0,-27.0
IQ,250,0,71,-107.0,-173.0,-16.0,-156.0
IQ,250,0,72,-184.0,-85.0,61.0,-144.0
IQ,250,0,73,-128.0,-152.0,-15.0,-155.0
IQ,250,0,74,-155.0,-118.0,1.0,-153.0
IQ,250,0,75,85.0,-173.0,-151.0,-14.0
IQ,250,0,76,-42.0,185.0,146.0,29.0
CS,250,0,1,2.055,2.729,0.392,17,89
IQ,251,0,2,63.0,63.0,55.0,76.0
IQ,251,0,3,-47.0,-75.0,-70.0,-62.0
IQ,251,0,4,37.0,-81.0,-85.0,33.0
IQ,251,0,5,-6.0,86.0,91.0,-3.0
IQ,251,0,6,29.0,-81.0,-80.0,39.0
IQ,251,0,7,-85.0,-3.0,-22.0,-86.0
IQ,251,0,8,-73.0,-43.0,-56.0,-66.0
IQ,251,0,9,-20.0,81.0,71.0,-46.0
IQ,251,0,10,-49.0,67.0,51.0,-68.0
IQ,251,0,11,16.0,80.0,80.0,-21.0
IQ,251,0,12,75.0,32.0,60.0,54.0
IQ,251,0,13,-55.0,60.0,22.0,-77.0
IQ,251,0,14,-28.0,77.0,48.0,-64.0
IQ,251,0,15,69.0,-42.0,10.0,78.0
IQ,251,0,16,42.0,66.0,77.0,-12.0
IQ,251,0,17,76.0,-24.0,37.0,68.0
IQ,251,0,18,43.0,66.0,75.0,-13.0
IQ,251,0,19,78.0,17.0,66.0,37.0
IQ,251,0,20,66.0,-45.0,15.0,73.0
IQ,251,0,21,5.0,-82.0,-47.0,60.0
IQ,251,0,22,50.0,-64.0,-1.0,76.0
IQ,251,0,23,0.0,0.0,0.0,0.0
IQ,251,0,24,0.0,0.0,0.0,0.0
IQ,251,0,25,0.0,0.0,0.0,0.0
IQ,251,0,26,65.0,-56.0,27.0,73.0
IQ,251,0,27,-52.0,-76.0,-68.0,40.0
IQ,251,0,28,0.0,0.0,0.0,0.0
IQ,251,0,29,-66.0,59.0,-34.0,-73.0
IQ,251,0,30,0.0,0.0,0.0,0.0
IQ,251,0,31,-82.0,43.0,-61.0,-57.0
IQ,251,0,32,-94.0,18.0,-77.0,-35.0
IQ,251,0,33,0.0,0.0,0.0,0.0
IQ,251,0,34,-98.0,18.0,-83.0,-27.0
IQ,251,0,35,47.0,91.0,40.0,-80.0
IQ,251,0,36,9.0,106.0,12.0,-91.0
IQ,251,0,37,-2.0,109.0,-15.0,-93.0
IQ,251,0,38,-22.0,110.0,-36.0,-89.0
IQ,251,0,39,0.0,0.0,0.0,0.0
IQ,251,0,40,-27.0,115.0,-51.0,-87.0
IQ,251,0,41,104.0,63.0,64.0,-81.0
IQ,251,0,42,0.0,0.0,0.0,0.0
IQ,251,0,43,126.0,27.0,79.0,-74.0
IQ,251,0,44,87.0,-99.0,105.0,28.0
IQ,251,0,45,125.0,-50.0,103.0,-41.0
IQ,251,0,46,-140.0,4.0,-87.0,76.0
IQ,251,0,47,129.0,-64.0,108.0,-47.0
IQ,251,0,48,135.0,-58.0,93.0,-77.0
IQ,251,0,49,-154.0,10.0,-68.0,106.0
IQ,251,0,50,-139.0,-74.0,12.0,128.0
IQ,251,0,51,161.0,-24.0,50.0,-121.0
IQ,251,0,52,87.0,-143.0,128.0,-44.0
IQ,251,0,53,154.0,79.0,-66.0,-123.0
IQ,251,0,54,155.0,87.0,-78.0,-120.0
IQ,251,0,55,-79.0,165.0,-121.0,83.0
IQ,251,0,56,181.0,44.0,-85.0,-124.0
IQ,251,0,57,-134.0,137.0,-64.0,139.0
IQ,251,0,58,193.0,-22.0,-78.0,-137.0
IQ,251,0,59,-192.0,53.0,68.0,142.0
IQ,251,0,60,176.0,97.0,-157.0,-37.0
IQ,251,0,61,25.0,-203.0,72.0,-147.0
IQ,251,0,62,10.0,-208.0,53.0,-157.0
IQ,251,0,63,-203.0,59.0,138.0,97.0
IQ,251,0,64,-213.0,2.0,165.0,32.0
IQ,251,0,65,-204.0,60.0,162.0,47.0
IQ,251,0,66,-172.0,127.0,151.0,77.0
IQ,251,0,67,36.0,-210.0,-87.0,-147.0
IQ,251,0,68,-213.0,7.0,152.0,-75.0
IQ,251,0,69,-198.0,73.0,164.0,-41.0
IQ,251,0,70,-51.0,203.0,135.0,99.0
IQ,251,0,71,188.0,87.0,-43.0,161.0
IQ,251,0,72,128.0,162.0,55.0,157.0
IQ,251,0,73,-7.0,-202.0,-146.0,-74.0
IQ,251,0,74,188.0,-68.0,-107.0,123.0
IQ,251,0,75,-153.0,126.0,126.0,-98.0
IQ,251,0,76,161.0,-108.0,-98.0,125.0
CS,251,0,1,2.155,3.069,2.099,18,504
IQ,252,0,2,161.0,-14.0,-101.0,144.0
IQ,252,0,3,-108.0,119.0,158.0,-72.0
IQ,252,0,4,-159.0,-26.0,16.0,-173.0
IQ,252,0,5,54.0,-151.0,-168.0,36.0
IQ,252,0,6,134.0,84.0,80.0,148.0
IQ,252,0,7,0.0,0.0,0.0,0.0
IQ,252,0,8,0.0,0.0,0.0,0.0
IQ,252,0,9,-161.0,2.0,-37.0,-163.0
IQ,252,0,10,25.0,157.0,162.0,-34.0
IQ,252,0,11,-111.0,-118.0,-158.0,-57.0
IQ,252,0,12,0.0,0.0,0.0,0.0
IQ,252,0,13,-36.0,156.0,112.0,-121.0
IQ,252,0,14,-93.0,-131.0,-163.0,7.0
IQ,252,0,15,-161.0,-5.0,-125.0,-104.0
IQ,252,0,16,117.0,-111.0,24.0,160.0
IQ,252,0,17,-123.0,107.0,-55.0,-154.0
IQ,252,0,18,7.0,-161.0,-66.0,145.0
IQ,252,0,19,160.0,-4.0,148.0,56.0
IQ,252,0,20,-114.0,-116.0,-142.0,70.0
IQ,252,0,21,108.0,117.0,123.0,-94.0
IQ,252,0,22,69.0,-143.0,52.0,147.0
IQ,252,0,23,0.0,0.0,0.0,0.0
IQ,252,0,24,0.0,0.0,0.0,0.0
IQ,252,0,25,0.0,0.0,0.0,0.0
IQ,252,0,26,0.0,0.0,0.0,0.0
IQ,252,0,27,-82.0,129.0,-118.0,-85.0
IQ,252,0,28,89.0,125.0,24.0,-142.0
IQ,252,0,29,86.0,124.0,15.0,-140.0
IQ,252,0,30,43.0,144.0,-33.0,-135.0
IQ,252,0,31,-28.0,147.0,-107.0,-84.0
IQ,252,0,32,-116.0,91.0,-134.0,14.0
IQ,252,0,33,-145.0,-16.0,-78.0,104.0
IQ,252,0,34,-145.0,4.0,-93.0,90.0
IQ,252,0,35,-13.0,145.0,-104.0,-78.0
IQ,252,0,36,-147.0,-1.0,-84.0,98.0
IQ,252,0,37,-141.0,-42.0,-43.0,121.0
IQ,252,0,38,-115.0,-92.0,13.0,128.0
IQ,252,0,39,9.0,-149.0,116.0,57.0
IQ,252,0,40,72.0,131.0,-57.0,-119.0
IQ,252,0,41,-102.0,-120.0,52.0,124.0
IQ,252,0,42,-95.0,128.0,-137.0,26.0
IQ,252,0,43,154.0,44.0,14.0,-137.0
IQ,252,0,44,44.0,-161.0,141.0,11.0
IQ,252,0,45,159.0,52.0,-17.0,-141.0
IQ,252,0,46,-27.0,165.0,-143.0,6.0
IQ,252,0,47,154.0,-85.0,74.0,-129.0
IQ,252,0,48,178.0,7.0,-2.0,-151.0
IQ,252,0,49,-57.0,-176.0,152.0,30.0
IQ,252,0,50,9.0,190.0,-159.0,17.0
IQ,252,0,51,191.0,-41.0,-7.0,-162.0
IQ,252,0,52,-130.0,-151.0,148.0,69.0
IQ,252,0,53,-117.0,168.0,-93.0,141.0
IQ,252,0,54,152.0,144.0,-167.0,-47.0
IQ,252,0,55,-87.0,-197.0,171.0,-40.0
IQ,252,0,56,194.0,-94.0,-35.0,-176.0
IQ,252,0,57,226.0,-20.0,-134.0,-130.0
IQ,252,0,58,-193.0,-129.0,187.0,0.0
IQ,252,0,59,182.0,148.0,-189.0,33.0
IQ,252,0,60,10.0,239.0,-83.0,177.0
IQ,252,0,61,33.0,243.0,-81.0,181.0
IQ,252,0,62,187.0,-163.0,-131.0,-152.0
IQ,252,0,63,-199.0,157.0,156.0,132.0
IQ,252,0,64,-172.0,-189.0,107.0,-177.0
IQ,252,0,65,-136.0,217.0,154.0,138.0
IQ,252,0,66,-212.0,-147.0,107.0,-181.0
IQ,252,0,67,-195.0,-168.0,56.0,-200.0
IQ,252,0,68,-252.0,-47.0,121.0,-169.0
IQ,252,0,69,-133.0,217.0,203.0,39.0
IQ,252,0,70,-167.0,-189.0,-60.0,-196.0
IQ,252,0,71,-52.0,241.0,193.0,58.0
IQ,252,0,72,118.0,-216.0,-198.0,25.0
IQ,252,0,73,-175.0,166.0,171.0,-97.0
IQ,252,0,74,-108.0,-209.0,-162.0,-107.0
IQ,252,0,75,169.0,-161.0,-145.0,128.0
IQ,252,0,76,214.0,-75.0,-59.0,178.0
CS,252,0,1,2.062,2.607,1.913,19,485
IQ,253,0,2,56.0,-99.0,-175.0,0.0
IQ,253,0,3,81.0,-79.0,-158.0,75.0
IQ,253,0,4,109.0,-30.0,-91.0,148.0
IQ,253,0,5,-78.0,84.0,151.0,-81.0
IQ,253,0,6,53.0,-99.0,-155.0,71.0
IQ,253,0,7,81.0,-80.0,-116.0,123.0
IQ,253,0,8,62.0,94.0,144.0,83.0
IQ,253,0,9,75.0,-84.0,-93.0,137.0
IQ,253,0,10,111.0,-18.0,26.0,161.0
IQ,253,0,11,96.0,-56.0,-18.0,161.0
IQ,253,0,12,38.0,104.0,161.0,-8.0
IQ,253,0,13,10.0,-111.0,-126.0,95.0
IQ,253,0,14,54.0,-96.0,-59.0,145.0
IQ,253,0,15,107.0,19.0,121.0,96.0
IQ,253,0,16,107.0,15.0,127.0,83.0
IQ,253,0,17,68.0,-84.0,6.0,152.0
IQ,253,0,18,-60.0,91.0,15.0,-151.0
IQ,253,0,19,77.0,76.0,147.0,-41.0
IQ,253,0,20,-35.0,-102.0,-108.0,101.0
IQ,253,0,21,108.0,15.0,142.0,42.0
IQ,253,0,22,14.0,-107.0,-37.0,140.0
IQ,253,0,23,0.0,0.0,0.0,0.0
IQ,253,0,24,0.0,0.0,0.0,0.0
IQ,253,0,25,0.0,0.0,0.0,0.0
IQ,253,0,26,14.0,-105.0,20.0,139.0
IQ,253,0,27,-106.0,-13.0,-136.0,25.0
IQ,253,0,28,0.0,0.0,0.0,0.0
IQ,253,0,29,14.0,-107.0,39.0,134.0
IQ,253,0,30,-106.0,-25.0,-128.0,55.0
IQ,253,0,31,-44.0,-101.0,-11.0,138.0
IQ,253,0,32,0.0,0.0,0.0,0.0
IQ,253,0,33,-111.0,-5.0,-127.0,57.0
IQ,253,0,34,-4.0,110.0,-62.0,-124.0
IQ,253,0,35,-2.0,-118.0,65.0,126.0
IQ,253,0,36,-47.0,-107.0,31.0,138.0
IQ,253,0,37,0.0,0.0,0.0,0.0
IQ,253,0,38,-9.0,-118.0,83.0,117.0
IQ,253,0,39,-117.0,19.0,-113.0,87.0
IQ,253,0,40,-55.0,-107.0,53.0,137.0
IQ,253,0,41,-85.0,89.0,-148.0,13.0
IQ,253,0,42,-77.0,98.0,-148.0,0.0
IQ,253,0,43,123.0,18.0,61.0,-136.0
IQ,253,0,44,-126.0,26.0,-94.0,120.0
IQ,253,0,45,-104.0,81.0,-137.0,72.0
IQ,253,0,46,-105.0,-85.0,50.0,149.0
IQ,253,0,47,-71.0,-118.0,114.0,112.0
IQ,253,0,48,-119.0,73.0,-109.0,122.0
IQ,253,0,49,128.0,67.0,-68.0,-152.0
IQ,253,0,50,10.0,146.0,-169.0,-18.0
IQ,253,0,51,-151.0,9.0,9.0,173.0
IQ,253,0,52,-148.0,-52.0,90.0,152.0
IQ,253,0,53,-133.0,-88.0,147.0,104.0
IQ,253,0,54,68.0,146.0,-185.0,-2.0
IQ,253,0,55,0.0,0.0,0.0,0.0
IQ,253,0,56,-160.0,51.0,52.0,182.0
IQ,253,0,57,0.0,0.0,0.0,0.0
IQ,253,0,58,0.0,0.0,0.0,0.0
IQ,253,0,59,-175.0,11.0,162.0,110.0
IQ,253,0,60,-17.0,177.0,-80.0,181.0
IQ,253,0,61,104.0,-147.0,-52.0,-196.0
IQ,253,0,62,-130.0,131.0,111.0,172.0
IQ,253,0,63,57.0,176.0,-64.0,197.0
IQ,253,0,64,-3.0,-185.0,5.0,-207.0
IQ,253,0,65,181.0,-54.0,-207.0,-29.0
IQ,253,0,66,-153.0,-112.0,139.0,-158.0
IQ,253,0,67,-91.0,-165.0,20.0,-210.0
IQ,253,0,68,185.0,45.0,-156.0,144.0
IQ,253,0,69,12.0,189.0,125.0,170.0
IQ,253,0,70,23.0,190.0,124.0,169.0
IQ,253,0,71,-49.0,-182.0,-123.0,-171.0
IQ,253,0,72,0.0,0.0,0.0,0.0
IQ,253,0,73,8.0,-184.0,-196.0,-70.0
IQ,253,0,74,-182.0,20.0,90.0,-183.0
IQ,253,0,75,69.0,167.0,164.0,122.0
IQ,253,0,76,17.0,-179.0,-202.0,10.0
CS,253,0,1,2.052,2.504,0.832,20,222
IQ,254,0,2,119.0,57.0,26.0,200.0
IQ,254,0,3,81.0,102.0,123.0,155.0
IQ,254,0,4,130.0,-7.0,-47.0,190.0
IQ,254,0,5,-74.0,-105.0,-151.0,-122.0
IQ,254,0,6,-120.0,-50.0,-67.0,-182.0
IQ,254,0,7,71.0,-107.0,-153.0,115.0
IQ,254,0,8,13.0,128.0,187.0,3.0
IQ,254,0,9,-86.0,-92.0,-158.0,-99.0
IQ,254,0,10,65.0,108.0,177.0,55.0
IQ,254,0,11,-90.0,-91.0,-169.0,-75.0
IQ,254,0,12,-106.0,-71.0,-160.0,-92.0
IQ,254,0,13,114.0,58.0,144.0,116.0
IQ,254,0,14,-78.0,101.0,57.0,-173.0
IQ,254,0,15,-114.0,-60.0,-165.0,-77.0
IQ,254,0,16,-6.0,130.0,139.0,-121.0
IQ,254,0,17,89.0,-97.0,-9.0,184.0
IQ,254,0,18,-126.0,43.0,-73.0,-170.0
IQ,254,0,19,-134.0,7.0,-131.0,-131.0
IQ,254,0,20,-80.0,110.0,12.0,-186.0
IQ,254,0,21,99.0,-96.0,43.0,182.0
IQ,254,0,22,-93.0,-106.0,-179.0,57.0
IQ,254,0,23,0.0,0.0,0.0,0.0
IQ,254,0,24,0.0,0.0,0.0,0.0
IQ,254,0,25,0.0,0.0,0.0,0.0
IQ,254,0,26,112.0,-91.0,126.0,141.0
IQ,254,0,27,-46.0,-139.0,-88.0,170.0
IQ,254,0,28,145.0,11.0,190.0,-8.0
IQ,254,0,29,137.0,-55.0,174.0,76.0
IQ,254,0,30,-76.0,124.0,-130.0,-134.0
IQ,254,0,31,116.0,89.0,113.0,-153.0
IQ,254,0,32,151.0,-14.0,190.0,-23.0
IQ,254,0,33,123.0,83.0,108.0,-155.0
IQ,254,0,34,-151.0,-5.0,-177.0,70.0
IQ,254,0,35,-25.0,152.0,-114.0,-157.0
IQ,254,0,36,-155.0,20.0,-183.0,70.0
IQ,254,0,37,-19.0,160.0,-121.0,-160.0
IQ,254,0,38,-165.0,4.0,-164.0,117.0
IQ,254,0,39,40.0,-160.0,177.0,97.0
IQ,254,0,40,-167.0,47.0,-184.0,104.0
IQ,254,0,41,-105.0,-139.0,57.0,203.0
IQ,254,0,42,-173.0,-38.0,-93.0,193.0
IQ,254,0,43,-177.0,-54.0,-63.0,210.0
IQ,254,0,44,180.0,29.0,72.0,-205.0
IQ,254,0,45,21.0,183.0,-197.0,-97.0
IQ,254,0,46,-160.0,111.0,-184.0,140.0
IQ,254,0,47,177.0,75.0,-53.0,-220.0
IQ,254,0,48,188.0,58.0,-52.0,-226.0
IQ,254,0,49,196.0,-54.0,66.0,-227.0
IQ,254,0,50,-48.0,-208.0,243.0,41.0
IQ,254,0,51,215.0,13.0,-81.0,-238.0
IQ,254,0,52,-131.0,-179.0,238.0,91.0
IQ,254,0,53,190.0,119.0,-214.0,-147.0
IQ,254,0,54,-206.0,94.0,23.0,261.0
IQ,254,0,55,170.0,-155.0,28.0,-263.0
IQ,254,0,56,66.0,220.0,-252.0,87.0
IQ,254,0,57,-185.0,152.0,53.0,268.0
IQ,254,0,58,-68.0,-226.0,216.0,-160.0
IQ,254,0,59,88.0,225.0,-210.0,181.0
IQ,254,0,60,246.0,31.0,-277.0,-68.0
IQ,254,0,61,249.0,51.0,-286.0,-48.0
IQ,254,0,62,245.0,-67.0,-258.0,-131.0
IQ,254,0,63,33.0,-259.0,-5.0,-295.0
IQ,254,0,64,240.0,101.0,-263.0,142.0
IQ,254,0,65,36.0,262.0,14.0,300.0
IQ,254,0,66,105.0,244.0,-48.0,298.0
IQ,254,0,67,9.0,274.0,135.0,280.0
IQ,254,0,68,-194.0,197.0,307.0,59.0
IQ,254,0,69,101.0,259.0,120.0,292.0
IQ,254,0,70,95.0,258.0,143.0,281.0
IQ,254,0,71,-242.0,126.0,267.0,-159.0
IQ,254,0,72,-165.0,-222.0,-130.0,-289.0
IQ,254,0,73,-113.0,245.0,310.0,-33.0
IQ,254,0,74,179.0,204.0,195.0,241.0
IQ,254,0,75,203.0,178.0,171.0,260.0
IQ,254,0,76,236.0,-111.0,-124.0,277.0
CS,254,0,1,2.148,2.640,1.728,20,461
IQ,255,0,2,-31.0,86.0,139.0,6.0
IQ,255,0,3,0.0,0.0,0.0,0.0
IQ,255,0,4,0.0,0.0,0.0,0.0
IQ,255,0,5,0.0,0.0,0.0,0.0
IQ,255,0,6,0.0,0.0,0.0,0.0
IQ,255,0,7,87.0,24.0,48.0,127.0
IQ,255,0,8,-89.0,22.0,4.0,-135.0
IQ,255,0,9,19.0,89.0,133.0,-19.0
IQ,255,0,10,0.0,0.0,0.0,0.0
IQ,255,0,11,0.0,0.0,0.0,0.0
IQ,255,0,12,31.0,85.0,128.0,-31.0
IQ,255,0,13,0.0,0.0,0.0,0.0
IQ,255,0,14,0.0,0.0,0.0,0.0
IQ,255,0,15,0.0,0.0,0.0,0.0
IQ,255,0,16,-85.0,-36.0,-124.0,-36.0
IQ,255,0,17,0.0,0.0,0.0,0.0
IQ,255,0,18,0.0,0.0,0.0,0.0
IQ,255,0,19,-68.0,61.0,-64.0,-107.0
IQ,255,0,20,-78.0,-48.0,-123.0,16.0
IQ,255,0,21,-38.0,-83.0,-81.0,93.0
IQ,255,0,22,82.0,-39.0,93.0,80.0
IQ,255,0,23,0.0,0.0,0.0,0.0
IQ,255,0,24,0.0,0.0,0.0,0.0
IQ,255,0,25,0.0,0.0,0.0,0.0
IQ,255,0,26,-69.0,-62.0,-83.0,88.0
IQ,255,0,27,81.0,-46.0,106.0,60.0
IQ,255,0,28,29.0,-89.0,60.0,106.0
IQ,255,0,29,62.0,-72.0,94.0,79.0
IQ,255,0,30,-68.0,62.0,-117.0,-25.0
IQ,255,0,31,-93.0,23.0,-114.0,39.0
IQ,255,0,32,-49.0,-85.0,-19.0,121.0
IQ,255,0,33,14.0,-98.0,78.0,97.0
IQ,255,0,34,-24.0,92.0,-97.0,-73.0
IQ,255,0,35,-94.0,28.0,-113.0,49.0
IQ,255,0,36,79.0,-66.0,128.0,0.0
IQ,255,0,37,47.0,87.0,-35.0,-119.0
IQ,255,0,38,-23.0,-105.0,80.0,104.0
IQ,255,0,39,-6.0,103.0,-111.0,-63.0
IQ,255,0,40,23.0,102.0,-100.0,-80.0
IQ,255,0,41,73.0,86.0,-63.0,-108.0
IQ,255,0,42,-42.0,-105.0,94.0,98.0
IQ,255,0,43,32.0,-111.0,137.0,7.0
IQ,255,0,44,-72.0,92.0,-126.0,56.0
IQ,255,0,45,-31.0,-115.0,130.0,47.0
IQ,255,0,46,-12.0,119.0,-142.0,1.0
IQ,255,0,47,-116.0,-43.0,56.0,133.0
IQ,255,0,48,-27.0,121.0,-136.0,50.0
IQ,255,0,49,0.0,0.0,0.0,0.0
IQ,255,0,50,-84.0,-102.0,143.0,56.0
IQ,255,0,51,-84.0,103.0,-75.0,133.0
IQ,255,0,52,-11.0,-142.0,153.0,-59.0
IQ,255,0,53,121.0,76.0,-157.0,-51.0
IQ,255,0,54,1.0,-149.0,132.0,-107.0
IQ,255,0,55,-58.0,-143.0,158.0,-75.0
IQ,255,0,56,-156.0,-5.0,139.0,110.0
IQ,255,0,57,17.0,-159.0,77.0,-165.0
IQ,255,0,58,158.0,11.0,-173.0,-53.0
IQ,255,0,59,-129.0,98.0,107.0,151.0
IQ,255,0,60,126.0,-105.0,-121.0,-142.0
IQ,255,0,61,166.0,-16.0,-187.0,-30.0
IQ,255,0,62,166.0,10.0,-186.0,27.0
IQ,255,0,63,-134.0,-113.0,117.0,-158.0
IQ,255,0,64,-38.0,173.0,91.0,176.0
IQ,255,0,65,175.0,-2.0,-174.0,98.0
IQ,255,0,66,16.0,-175.0,-117.0,-162.0
IQ,255,0,67,90.0,159.0,36.0,204.0
IQ,255,0,68,120.0,141.0,29.0,207.0
IQ,255,0,69,-87.0,-162.0,-85.0,-191.0
IQ,255,0,70,-180.0,-29.0,47.0,-203.0
IQ,255,0,71,-168.0,77.0,124.0,-169.0
IQ,255,0,72,186.0,9.0,-13.0,213.0
IQ,255,0,73,179.0,41.0,37.0,207.0
IQ,255,0,74,-157.0,-91.0,-123.0,-170.0
IQ,255,0,75,89.0,-163.0,-163.0,139.0
IQ,255,0,76,0.0,0.0,0.0,0.0
CS,255,0,1,2.049,2.806,2.788,15,558
IQ,256,0,2,-76.0,81.0,114.0,34.0
IQ,256,0,3,-42.0,104.0,99.0,65.0
IQ,256,0,4,-72.0,86.0,116.0,19.0
IQ,256,0,5,28.0,109.0,60.0,99.0
IQ,256,0,6,-112.0,5.0,72.0,-91.0
IQ,256,0,7,-2.0,113.0,103.0,54.0
IQ,256,0,8,0.0,0.0,0.0,0.0
IQ,256,0,9,70.0,-91.0,-114.0,26.0
IQ,256,0,10,-33.0,110.0,116.0,10.0
IQ,256,0,11,-84.0,80.0,97.0,-66.0
IQ,256,0,12,80.0,85.0,76.0,90.0
IQ,256,0,13,-112.0,-36.0,-20.0,-116.0
IQ,256,0,14,72.0,-93.0,-85.0,82.0
IQ,256,0,15,91.0,74.0,92.0,72.0
IQ,256,0,16,-117.0,-29.0,-53.0,-104.0
IQ,256,0,17,0.0,0.0,0.0,0.0
IQ,256,0,18,0.0,0.0,0.0,0.0
IQ,256,0,19,117.0,-15.0,51.0,101.0
IQ,256,0,20,54.0,-104.0,-42.0,103.0
IQ,256,0,21,11.0,114.0,93.0,-61.0
IQ,256,0,22,-88.0,-75.0,-108.0,-12.0
IQ,256,0,23,0.0,0.0,0.0,0.0
IQ,256,0,24,0.0,0.0,0.0,0.0
IQ,256,0,25,0.0,0.0,0.0,0.0
IQ,256,0,26,-112.0,2.0,-93.0,-47.0
IQ,256,0,27,4.0,110.0,43.0,-92.0
IQ,256,0,28,-93.0,61.0,-57.0,-82.0
IQ,256,0,29,45.0,-101.0,6.0,99.0
IQ,256,0,30,64.0,88.0,75.0,-61.0
IQ,256,0,31,24.0,108.0,24.0,-95.0
IQ,256,0,32,99.0,-48.0,80.0,56.0
IQ,256,0,33,-12.0,110.0,-3.0,-98.0
IQ,256,0,34,-46.0,-102.0,-47.0,87.0
IQ,256,0,35,32.0,110.0,23.0,-98.0
IQ,256,0,36,-25.0,-114.0,-11.0,100.0
IQ,256,0,37,-33.0,-113.0,-19.0,100.0
IQ,256,0,38,-58.0,106.0,-72.0,-75.0
IQ,256,0,39,32.0,-118.0,56.0,87.0
IQ,256,0,40,63.0,-108.0,81.0,66.0
IQ,256,0,41,-75.0,-103.0,-24.0,104.0
IQ,256,0,42,-126.0,24.0,-105.0,26.0
IQ,256,0,43,122.0,44.0,65.0,-87.0
IQ,256,0,44,102.0,-82.0,110.0,14.0
IQ,256,0,45,129.0,-40.0,99.0,-52.0
IQ,256,0,46,-40.0,-132.0,54.0,100.0
IQ,256,0,47,80.0,-114.0,115.0,4.0
IQ,256,0,48,21.0,-141.0,107.0,47.0
IQ,256,0,49,93.0,-110.0,115.0,-22.0
IQ,256,0,50,-40.0,-142.0,84.0,87.0
IQ,256,0,51,-148.0,-26.0,-19.0,120.0
IQ,256,0,52,105.0,-115.0,115.0,-51.0
IQ,256,0,53,85.0,-136.0,116.0,-54.0
IQ,256,0,54,-161.0,-38.0,20.0,124.0
IQ,256,0,55,-63.0,-153.0,127.0,43.0
IQ,256,0,56,141.0,93.0,-85.0,-107.0
IQ,256,0,57,0.0,0.0,0.0,0.0
IQ,256,0,58,108.0,140.0,-138.0,-43.0
IQ,256,0,59,-130.0,127.0,-54.0,136.0
IQ,256,0,60,161.0,91.0,-132.0,-69.0
IQ,256,0,61,-99.0,-162.0,149.0,-15.0
IQ,256,0,62,-159.0,109.0,34.0,150.0
IQ,256,0,63,50.0,190.0,-120.0,100.0
IQ,256,0,64,58.0,190.0,-122.0,101.0
IQ,256,0,65,-188.0,-72.0,160.0,0.0
IQ,256,0,66,-110.0,-173.0,119.0,-110.0
IQ,256,0,67,0.0,0.0,0.0,0.0
IQ,256,0,68,-72.0,197.0,63.0,152.0
IQ,256,0,69,-27.0,204.0,51.0,157.0
IQ,256,0,70,57.0,197.0,10.0,165.0
IQ,256,0,71,199.0,-40.0,-156.0,56.0
IQ,256,0,72,201.0,-15.0,-145.0,79.0
IQ,256,0,73,-198.0,36.0,135.0,-89.0
IQ,256,0,74,-150.0,129.0,161.0,-8.0
IQ,256,0,75,188.0,-49.0,-133.0,90.0
IQ,256,0,76,-25.0,192.0,145.0,67.0
CS,256,0,1,2.099,2.536,2.217,19,562
IQ,257,0,2,107.0,9.0,-72.0,88.0
IQ,257,0,3,71.0,80.0,28.0,108.0
IQ,257,0,4,-19.0,104.0,105.0,37.0
IQ,257,0,5,-48.0,-96.0,-69.0,-88.0
IQ,257,0,6,-21.0,-105.0,-94.0,-59.0
IQ,257,0,7,-86.0,63.0,88.0,-67.0
IQ,257,0,8,105.0,-12.0,-45.0,100.0
IQ,257,0,9,51.0,93.0,88.0,65.0
IQ,257,0,10,-72.0,82.0,92.0,-60.0
IQ,257,0,11,-27.0,105.0,107.0,-26.0
IQ,257,0,12,31.0,104.0,107.0,22.0
IQ,257,0,13,106.0,-26.0,-5.0,108.0
IQ,257,0,14,-5.0,-111.0,-105.0,27.0
IQ,257,0,15,9.0,-109.0,-95.0,53.0
IQ,257,0,16,90.0,-64.0,-20.0,106.0
IQ,257,0,17,-72.0,-85.0,-106.0,-18.0
IQ,257,0,18,106.0,31.0,81.0,68.0
IQ,257,0,19,18.0,-108.0,-65.0,82.0
IQ,257,0,20,42.0,-101.0,-41.0,96.0
IQ,257,0,21,54.0,95.0,97.0,-38.0
IQ,257,0,22,3.0,-109.0,-53.0,88.0
IQ,257,0,23,0.0,0.0,0.0,0.0
IQ,257,0,24,0.0,0.0,0.0,0.0
IQ,257,0,25,0.0,0.0,0.0,0.0
IQ,257,0,26,103.0,37.0,101.0,2.0
IQ,257,0,27,-4.0,-110.0,-32.0,95.0
IQ,257,0,28,110.0,4.0,99.0,16.0
IQ,257,0,29,16.0,111.0,33.0,-95.0
IQ,257,0,30,-31.0,107.0,-21.0,-97.0
IQ,257,0,31,92.0,-64.0,80.0,59.0
IQ,257,0,32,19.0,-111.0,17.0,97.0
IQ,257,0,33,71.0,89.0,59.0,-82.0
IQ,257,0,34,-101.0,-55.0,-82.0,57.0
IQ,257,0,35,64.0,99.0,38.0,-94.0
IQ,257,0,36,65.0,-99.0,74.0,69.0
IQ,257,0,37,38.0,113.0,-2.0,-104.0
IQ,257,0,38,-109.0,-55.0,-68.0,79.0
IQ,257,0,39,77.0,97.0,17.0,-104.0
IQ,257,0,40,0.0,0.0,0.0,0.0
IQ,257,0,41,-125.0,30.0,-102.0,39.0
IQ,257,0,42,0.0,0.0,0.0,0.0
IQ,257,0,43,93.0,95.0,-1.0,-111.0
IQ,257,0,44,-67.0,-119.0,42.0,105.0
IQ,257,0,45,58.0,-125.0,111.0,25.0
IQ,257,0,46,134.0,40.0,33.0,-110.0
IQ,257,0,47,-143.0,-8.0,-51.0,106.0
IQ,257,0,48,-59.0,133.0,-120.0,-3.0
IQ,257,0,49,26.0,146.0,-110.0,-51.0
IQ,257,0,50,132.0,-77.0,86.0,-89.0
IQ,257,0,51,-126.0,-94.0,56.0,113.0
IQ,257,0,52,-64.0,147.0,-123.0,40.0
IQ,257,0,53,-109.0,121.0,-101.0,85.0
IQ,257,0,54,-41.0,162.0,-126.0,51.0
IQ,257,0,55,-138.0,102.0,-54.0,126.0
IQ,257,0,56,0.0,0.0,0.0,0.0
IQ,257,0,57,-104.0,146.0,-71.0,124.0
IQ,257,0,58,-90.0,-159.0,145.0,-2.0
IQ,257,0,59,-79.0,-168.0,141.0,-44.0
IQ,257,0,60,167.0,-88.0,-50.0,-142.0
IQ,257,0,61,-174.0,80.0,71.0,134.0
IQ,257,0,62,-62.0,184.0,-39.0,151.0
IQ,257,0,63,101.0,169.0,-127.0,95.0
IQ,257,0,64,-198.0,34.0,147.0,62.0
IQ,257,0,65,186.0,80.0,-151.0,56.0
IQ,257,0,66,-35.0,201.0,26.0,161.0
IQ,257,0,67,-207.0,16.0,164.0,-10.0
IQ,257,0,68,-182.0,99.0,162.0,29.0
IQ,257,0,69,-198.0,60.0,164.0,-22.0
IQ,257,0,70,56.0,197.0,45.0,158.0
IQ,257,0,71,-113.0,172.0,161.0,35.0
IQ,257,0,72,138.0,150.0,4.0,165.0
IQ,257,0,73,-51.0,-197.0,-113.0,-120.0
IQ,257,0,74,158.0,-123.0,-156.0,50.0
IQ,257,0,75,190.0,-57.0,-101.0,129.0
IQ,257,0,76,-30.0,-195.0,-151.0,-58.0
CS,257,0,1,2.116,2.791,1.538,19,390
IQ,258,0,2,102.0,8.0,-56.0,148.0
IQ,258,0,3,-74.0,-72.0,-69.0,-143.0
IQ,258,0,4,-44.0,-93.0,-125.0,-96.0
IQ,258,0,5,86.0,55.0,60.0,143.0
IQ,258,0,6,-103.0,-8.0,-7.0,-154.0
IQ,258,0,7,52.0,89.0,135.0,77.0
IQ,258,0,8,-66.0,81.0,119.0,-98.0
IQ,258,0,9,104.0,-2.0,23.0,152.0
IQ,258,0,10,34.0,100.0,154.0,25.0
IQ,258,0,11,-78.0,-76.0,-136.0,-76.0
IQ,258,0,12,86.0,-67.0,-47.0,152.0
IQ,258,0,13,-30.0,-107.0,-156.0,26.0
IQ,258,0,14,37.0,105.0,159.0,-21.0
IQ,258,0,15,56.0,-98.0,-51.0,151.0
IQ,258,0,16,-37.0,108.0,83.0,-138.0
IQ,258,0,17,-110.0,26.0,-92.0,-131.0
IQ,258,0,18,-32.0,110.0,60.0,-148.0
IQ,258,0,19,-6.0,-115.0,-88.0,130.0
IQ,258,0,20,-115.0,-22.0,-157.0,-35.0
IQ,258,0,21,-72.0,92.0,-36.0,-155.0
IQ,258,0,22,82.0,-84.0,66.0,143.0
IQ,258,0,23,0.0,0.0,0.0,0.0
IQ,258,0,24,0.0,0.0,0.0,0.0
IQ,258,0,25,0.0,0.0,0.0,0.0
IQ,258,0,26,0.0,0.0,0.0,0.0
IQ,258,0,27,-35.0,-112.0,-30.0,151.0
IQ,258,0,28,0.0,0.0,0.0,0.0
IQ,258,0,29,0.0,0.0,0.0,0.0
IQ,258,0,30,0.0,0.0,0.0,0.0
IQ,258,0,31,-113.0,31.0,-149.0,10.0
IQ,258,0,32,-110.0,42.0,-150.0,7.0
IQ,258,0,33,0.0,0.0,0.0,0.0
IQ,258,0,34,0.0,0.0,0.0,0.0
IQ,258,0,35,0.0,0.0,0.0,0.0
IQ,258,0,36,120.0,-32.0,148.0,-48.0
IQ,258,0,37,116.0,54.0,71.0,-141.0
IQ,258,0,38,-121.0,-52.0,-67.0,146.0
IQ,258,0,39,0.0,0.0,0.0,0.0
IQ,258,0,40,-121.0,-71.0,-31.0,164.0
IQ,258,0,41,-57.0,-122.0,69.0,157.0
IQ,258,0,42,0.0,0.0,0.0,0.0
IQ,258,0,43,24.0,146.0,-145.0,-103.0
IQ,258,0,44,151.0,-12.0,68.0,-167.0
IQ,258,0,45,-150.0,-39.0,-10.0,182.0
IQ,258,0,46,55.0,-149.0,184.0,-25.0
IQ,258,0,47,-153.0,53.0,-74.0,170.0
IQ,258,0,48,-84.0,141.0,-151.0,117.0
IQ,258,0,49,-163.0,-36.0,57.0,180.0
IQ,258,0,50,-79.0,-153.0,190.0,51.0
IQ,258,0,51,118.0,-129.0,82.0,-184.0
IQ,258,0,52,106.0,-144.0,96.0,-180.0
IQ,258,0,53,-150.0,-103.0,188.0,87.0
IQ,258,0,54,0.0,0.0,0.0,0.0
IQ,258,0,55,0.0,0.0,0.0,0.0
IQ,258,0,56,-117.0,-152.0,207.0,-57.0
IQ,258,0,57,0.0,0.0,0.0,0.0
IQ,258,0,58,0.0,0.0,0.0,0.0
IQ,258,0,59,0.0,0.0,0.0,0.0
IQ,258,0,60,0.0,0.0,0.0,0.0
IQ,258,0,61,0.0,0.0,0.0,0.0
IQ,258,0,62,0.0,0.0,0.0,0.0
IQ,258,0,63,208.0,23.0,-226.0,63.0
IQ,258,0,64,-191.0,99.0,236.0,39.0
IQ,258,0,65,0.0,0.0,0.0,0.0
IQ,258,0,66,0.0,0.0,0.0,0.0
IQ,258,0,67,-55.0,214.0,207.0,130.0
IQ,258,0,68,-197.0,-96.0,70.0,-235.0
IQ,258,0,69,-192.0,110.0,203.0,-139.0
IQ,258,0,70,-161.0,150.0,222.0,-103.0
IQ,258,0,71,191.0,104.0,46.0,239.0
IQ,258,0,72,14.0,216.0,235.0,56.0
IQ,258,0,73,-212.0,32.0,46.0,-235.0
IQ,258,0,74,-212.0,3.0,-21.0,-237.0
IQ,258,0,75,207.0,3.0,61.0,226.0
IQ,258,0,76,170.0,113.0,179.0,145.0
CS,258,0,1,2.266,2.684,1.099,18,264
IQ,259,0,2,21.0,111.0,92.0,84.0
IQ,259,0,3,74.0,88.0,48.0,115.0
IQ,259,0,4,-114.0,-16.0,23.0,-122.0
IQ,259,0,5,92.0,66.0,49.0,112.0
IQ,259,0,6,-115.0,-6.0,8.0,-122.0
IQ,259,0,7,-39.0,-107.0,-115.0,-40.0
IQ,259,0,8,27.0,-111.0,-113.0,39.0
IQ,259,0,9,33.0,108.0,116.0,24.0
IQ,259,0,10,109.0,-24.0,-8.0,117.0
IQ,259,0,11,93.0,63.0,93.0,69.0
IQ,259,0,12,-7.0,-113.0,-111.0,34.0
IQ,259,0,13,108.0,26.0,77.0,83.0
IQ,259,0,14,-111.0,-18.0,-78.0,-84.0
IQ,259,0,15,-108.0,-28.0,-96.0,-61.0
IQ,259,0,16,-92.0,-63.0,-109.0,-23.0
IQ,259,0,17,105.0,-33.0,63.0,91.0
IQ,259,0,18,-30.0,-106.0,-87.0,66.0
IQ,259,0,19,-105.0,-31.0,-106.0,-27.0
IQ,259,0,20,-104.0,-31.0,-106.0,-19.0
IQ,259,0,21,8.0,-109.0,-30.0,101.0
IQ,259,0,22,100.0,41.0,103.0,-13.0
IQ,259,0,23,0.0,0.0,0.0,0.0
IQ,259,0,24,0.0,0.0,0.0,0.0
IQ,259,0,25,0.0,0.0,0.0,0.0
IQ,259,0,26,73.0,-76.0,69.0,71.0
IQ,259,0,27,60.0,85.0,46.0,-87.0
IQ,259,0,28,95.0,41.0,82.0,-50.0
IQ,259,0,29,-68.0,-78.0,-52.0,80.0
IQ,259,0,30,75.0,-72.0,79.0,53.0
IQ,259,0,31,-71.0,75.0,-83.0,-47.0
IQ,259,0,32,-31.0,98.0,-52.0,-79.0
IQ,259,0,33,-7.0,103.0,-35.0,-87.0
IQ,259,0,34,75.0,72.0,45.0,-82.0
IQ,259,0,35,107.0,2.0,88.0,-39.0
IQ,259,0,36,0.0,0.0,0.0,0.0
IQ,259,0,37,-35.0,-107.0,15.0,97.0
IQ,259,0,38,-44.0,-106.0,9.0,100.0
IQ,259,0,39,74.0,89.0,13.0,-102.0
IQ,259,0,40,-70.0,-99.0,0.0,105.0
IQ,259,0,41,0.0,0.0,0.0,0.0
IQ,259,0,42,-23.0,125.0,-88.0,-66.0
IQ,259,0,43,-3.0,-131.0,88.0,68.0
IQ,259,0,44,-103.0,-87.0,5.0,114.0
IQ,259,0,45,-94.0,100.0,-113.0,27.0
IQ,259,0,46,-138.0,26.0,-66.0,98.0
IQ,259,0,47,-131.0,61.0,-81.0,89.0
IQ,259,0,48,-145.0,-26.0,-17.0,123.0
IQ,259,0,49,131.0,-72.0,76.0,-100.0
IQ,259,0,50,-87.0,-129.0,98.0,84.0
IQ,259,0,51,104.0,119.0,-107.0,-80.0
IQ,259,0,52,-126.0,102.0,-72.0,114.0
IQ,259,0,53,-17.0,165.0,-129.0,49.0
IQ,259,0,54,-170.0,6.0,49.0,130.0
IQ,259,0,55,-130.0,115.0,-36.0,138.0
IQ,259,0,56,146.0,97.0,-136.0,-50.0
IQ,259,0,57,130.0,-125.0,-3.0,-148.0
IQ,259,0,58,160.0,-91.0,-46.0,-143.0
IQ,259,0,59,20.0,-186.0,69.0,-136.0
IQ,259,0,60,-168.0,-92.0,155.0,9.0
IQ,259,0,61,-3.0,195.0,-62.0,146.0
IQ,259,0,62,-71.0,186.0,14.0,162.0
IQ,259,0,63,-164.0,-122.0,143.0,-81.0
IQ,259,0,64,-116.0,170.0,87.0,142.0
IQ,259,0,65,-190.0,91.0,162.0,54.0
IQ,259,0,66,57.0,206.0,-3.0,173.0
IQ,259,0,67,-140.0,-164.0,55.0,-165.0
IQ,259,0,68,-26.0,-217.0,-79.0,-158.0
IQ,259,0,69,-144.0,-166.0,-3.0,-179.0
IQ,259,0,70,80.0,203.0,88.0,154.0
IQ,259,0,71,-123.0,-181.0,-78.0,-162.0
IQ,259,0,72,-143.0,-166.0,-83.0,-158.0
IQ,259,0,73,-216.0,12.0,55.0,-169.0
IQ,259,0,74,-31.0,-213.0,-170.0,-47.0
IQ,259,0,75,105.0,-184.0,-161.0,69.0
IQ,259,0,76,-209.0,-15.0,-25.0,-173.0
CS,259,0,1,2.125,2.897,2.652,18,637
IQ,260,0,2,84.0,66.0,-41.0,160.0
IQ,260,0,3,-48.0,-96.0,-43.0,-159.0
IQ,260,0,4,104.0,16.0,-88.0,139.0
IQ,260,0,5,7.0,107.0,120.0,108.0
IQ,260,0,6,0.0,0.0,0.0,0.0
IQ,260,0,7,-107.0,13.0,92.0,-133.0
IQ,260,0,8,-106.0,-5.0,46.0,-154.0
IQ,260,0,9,0.0,0.0,0.0,0.0
IQ,260,0,10,8.0,107.0,149.0,55.0
IQ,260,0,11,88.0,-63.0,-117.0,107.0
IQ,260,0,12,0.0,0.0,0.0,0.0
IQ,260,0,13,107.0,-8.0,-26.0,154.0
IQ,260,0,14,0.0,0.0,0.0,0.0
IQ,260,0,15,0.0,0.0,0.0,0.0
IQ,260,0,16,61.0,94.0,145.0,63.0
IQ,260,0,17,112.0,22.0,70.0,144.0
IQ,260,0,18,-51.0,-102.0,-156.0,-24.0
IQ,260,0,19,113.0,-7.0,59.0,145.0
IQ,260,0,20,103.0,53.0,127.0,94.0
IQ,260,0,21,94.0,67.0,144.0,67.0
IQ,260,0,22,116.0,-3.0,104.0,120.0
IQ,260,0,23,0.0,0.0,0.0,0.0
IQ,260,0,24,0.0,0.0,0.0,0.0
IQ,260,0,25,0.0,0.0,0.0,0.0
IQ,260,0,26,59.0,-105.0,-11.0,157.0
IQ,260,0,27,97.0,71.0,157.0,-17.0
IQ,260,0,28,-114.0,46.0,-113.0,-110.0
IQ,260,0,29,104.0,-62.0,86.0,131.0
IQ,260,0,30,106.0,63.0,152.0,-41.0
IQ,260,0,31,102.0,68.0,146.0,-60.0
IQ,260,0,32,-52.0,113.0,-37.0,-156.0
IQ,260,0,33,85.0,92.0,122.0,-100.0
IQ,260,0,34,114.0,60.0,148.0,-66.0
IQ,260,0,35,123.0,-41.0,154.0,51.0
IQ,260,0,36,0.0,0.0,0.0,0.0
IQ,260,0,37,0.0,0.0,0.0,0.0
IQ,260,0,38,130.0,-54.0,166.0,42.0
IQ,260,0,39,20.0,140.0,-34.0,-171.0
IQ,260,0,40,146.0,10.0,149.0,-97.0
IQ,260,0,41,120.0,87.0,76.0,-161.0
IQ,260,0,42,144.0,49.0,122.0,-137.0
IQ,260,0,43,-152.0,-32.0,-118.0,141.0
IQ,260,0,44,-158.0,-2.0,-133.0,130.0
IQ,260,0,45,-102.0,125.0,-188.0,-7.0
IQ,260,0,46,72.0,145.0,-92.0,-166.0
IQ,260,0,47,154.0,57.0,25.0,-190.0
IQ,260,0,48,163.0,-39.0,115.0,-156.0
IQ,260,0,49,127.0,-113.0,168.0,-100.0
IQ,260,0,50,11.0,-173.0,198.0,29.0
IQ,260,0,51,128.0,121.0,-142.0,-145.0
IQ,260,0,52,105.0,-145.0,170.0,-109.0
IQ,260,0,53,105.0,-148.0,155.0,-138.0
IQ,260,0,54,0.0,0.0,0.0,0.0
IQ,260,0,55,-47.0,183.0,-178.0,118.0
IQ,260,0,56,0.0,0.0,0.0,0.0
IQ,260,0,57,-43.0,-190.0,200.0,-86.0
IQ,260,0,58,-194.0,-37.0,167.0,144.0
IQ,260,0,59,-131.0,-153.0,221.0,-34.0
IQ,260,0,60,-12.0,202.0,-127.0,188.0
IQ,260,0,61,-96.0,182.0,-18.0,228.0
IQ,260,0,62,0.0,0.0,0.0,0.0
IQ,260,0,63,-134.0,-161.0,188.0,-139.0
IQ,260,0,64,174.0,-118.0,-163.0,-172.0
IQ,260,0,65,-29.0,-211.0,33.0,-235.0
IQ,260,0,66,209.0,45.0,-228.0,69.0
IQ,260,0,67,-163.0,-131.0,134.0,-201.0
IQ,260,0,68,-36.0,-212.0,-64.0,-230.0
IQ,260,0,69,-198.0,-80.0,145.0,-186.0
IQ,260,0,70,-128.0,167.0,228.0,56.0
IQ,260,0,71,-20.0,208.0,185.0,142.0
IQ,260,0,72,-206.0,-19.0,117.0,-200.0
IQ,260,0,73,108.0,-173.0,-227.0,22.0
IQ,260,0,74,-118.0,-164.0,-117.0,-192.0
IQ,260,0,75,159.0,-118.0,-178.0,134.0
IQ,260,0,76,-51.0,188.0,217.0,-29.0
CS,260,0,1,2.301,2.684,1.724,15,345
IQ,261,0,2,0.0,0.0,0.0,0.0
IQ,261,0,3,0.0,0.0,0.0,0.0
IQ,261,0,4,0.0,0.0,0.0,0.0
IQ,261,0,5,0.0,0.0,0.0,0.0
IQ,261,0,6,8.0,159.0,165.0,42.0
IQ,261,0,7,-131.0,94.0,95.0,-143.0
IQ,261,0,8,-138.0,-88.0,-110.0,-133.0
IQ,261,0,9,99.0,131.0,160.0,62.0
IQ,261,0,10,0.0,0.0,0.0,0.0
IQ,261,0,11,0.0,0.0,0.0,0.0
IQ,261,0,12,169.0,1.0,78.0,154.0
IQ,261,0,13,169.0,-8.0,86.0,151.0
IQ,261,0,14,-70.0,-157.0,-167.0,47.0
IQ,261,0,15,43.0,166.0,147.0,-93.0
IQ,261,0,16,0.0,0.0,0.0,0.0
IQ,261,0,17,0.0,0.0,0.0,0.0
IQ,261,0,18,0.0,0.0,0.0,0.0
IQ,261,0,19,0.0,0.0,0.0,0.0
IQ,261,0,20,168.0,47.0,170.0,17.0
IQ,261,0,21,178.0,25.0,172.0,-2.0
IQ,261,0,22,-5.0,-175.0,-21.0,167.0
IQ,261,0,23,0.0,0.0,0.0,0.0
IQ,261,0,24,0.0,0.0,0.0,0.0
IQ,261,0,25,0.0,0.0,0.0,0.0
IQ,261,0,26,158.0,-71.0,162.0,8.0
IQ,261,0,27,116.0,-126.0,145.0,66.0
IQ,261,0,28,-33.0,170.0,-98.0,-126.0
IQ,261,0,29,165.0,37.0,107.0,-116.0
IQ,261,0,30,54.0,-158.0,135.0,73.0
IQ,261,0,31,17.0,-166.0,117.0,96.0
IQ,261,0,32,-161.0,47.0,-131.0,75.0
IQ,261,0,33,130.0,-100.0,141.0,-42.0
IQ,261,0,34,-158.0,-35.0,-59.0,133.0
IQ,261,0,35,-125.0,-104.0,18.0,142.0
IQ,261,0,36,-17.0,-161.0,121.0,75.0
IQ,261,0,37,-98.0,129.0,-140.0,36.0
IQ,261,0,38,126.0,-103.0,121.0,-75.0
IQ,261,0,39,120.0,110.0,-63.0,-129.0
IQ,261,0,40,147.0,-74.0,95.0,-107.0
IQ,261,0,41,163.0,-12.0,44.0,-135.0
IQ,261,0,42,-22.0,-165.0,132.0,53.0
IQ,261,0,43,-14.0,-168.0,139.0,32.0
IQ,261,0,44,-119.0,-123.0,90.0,115.0
IQ,261,0,45,-73.0,-156.0,131.0,63.0
IQ,261,0,46,166.0,48.0,-62.0,-134.0
IQ,261,0,47,0.0,0.0,0.0,0.0
IQ,261,0,48,160.0,87.0,-87.0,-126.0
IQ,261,0,49,-38.0,186.0,-150.0,51.0
IQ,261,0,50,-189.0,48.0,4.0,160.0
IQ,261,0,51,31.0,196.0,-162.0,34.0
IQ,261,0,52,-202.0,36.0,41.0,164.0
IQ,261,0,53,0.0,0.0,0.0,0.0
IQ,261,0,54,-144.0,-166.0,178.0,23.0
IQ,261,0,55,-51.0,-220.0,166.0,-81.0
IQ,261,0,56,-45.0,229.0,-104.0,160.0
IQ,261,0,57,-191.0,-149.0,195.0,3.0
IQ,261,0,58,0.0,0.0,0.0,0.0
IQ,261,0,59,194.0,161.0,-200.0,48.0
IQ,261,0,60,33.0,258.0,-92.0,189.0
IQ,261,0,61,-133.0,229.0,80.0,200.0
IQ,261,0,62,-15.0,273.0,-1.0,221.0
IQ,261,0,63,88.0,266.0,-45.0,221.0
IQ,261,0,64,-211.0,188.0,200.0,112.0
IQ,261,0,65,245.0,-148.0,-225.0,-55.0
IQ,261,0,66,-289.0,9.0,213.0,-98.0
IQ,261,0,67,-135.0,-261.0,-31.0,-237.0
IQ,261,0,68,-270.0,-119.0,103.0,-216.0
IQ,261,0,69,59.0,-292.0,-213.0,-115.0
IQ,261,0,70,-190.0,-226.0,-101.0,-218.0
IQ,261,0,71,-176.0,-237.0,-146.0,-191.0
IQ,261,0,72,-292.0,-38.0,24.0,-239.0
IQ,261,0,73,24.0,-290.0,-238.0,-14.0
IQ,261,0,74,0.0,0.0,0.0,0.0
IQ,261,0,75,204.0,-191.0,-132.0,199.0
IQ,261,0,76,-141.0,-243.0,-228.0,-51.0
CS,261,0,1,2.124,2.924,1.825,17,414
IQ,262,0,2,105.0,-12.0,-58.0,96.0
IQ,262,0,3,50.0,-94.0,-110.0,18.0
IQ,262,0,4,104.0,17.0,-11.0,110.0
IQ,262,0,5,90.0,-56.0,-70.0,84.0
IQ,262,0,6,-10.0,105.0,108.0,1.0
IQ,262,0,7,-95.0,-44.0,-47.0,-98.0
IQ,262,0,8,13.0,104.0,107.0,1.0
IQ,262,0,9,-36.0,-100.0,-106.0,-12.0
IQ,262,0,10,22.0,-101.0,-90.0,55.0
IQ,262,0,11,-80.0,-67.0,-96.0,-39.0
IQ,262,0,12,-25.0,-100.0,-100.0,24.0
IQ,262,0,13,-98.0,-30.0,-81.0,-63.0
IQ,262,0,14,98.0,22.0,79.0,60.0
IQ,262,0,15,-91.0,-44.0,-92.0,-35.0
IQ,262,0,16,-26.0,96.0,51.0,-83.0
IQ,262,0,17,-100.0,10.0,-72.0,-67.0
IQ,262,0,18,-68.0,75.0,-9.0,-96.0
IQ,262,0,19,-10.0,-98.0,-53.0,77.0
IQ,262,0,20,-96.0,-17.0,-86.0,-34.0
IQ,262,0,21,-19.0,-96.0,-50.0,78.0
IQ,262,0,22,90.0,36.0,92.0,-4.0
IQ,262,0,23,0.0,0.0,0.0,0.0
IQ,262,0,24,0.0,0.0,0.0,0.0
IQ,262,0,25,0.0,0.0,0.0,0.0
IQ,262,0,26,-5.0,100.0,6.0,-92.0
IQ,262,0,27,-18.0,101.0,-4.0,-94.0
IQ,262,0,28,-52.0,89.0,-40.0,-86.0
IQ,262,0,29,23.0,102.0,18.0,-94.0
IQ,262,0,30,-56.0,-90.0,-42.0,86.0
IQ,262,0,31,-107.0,-12.0,-93.0,25.0
IQ,262,0,32,-109.0,4.0,-95.0,19.0
IQ,262,0,33,25.0,-107.0,56.0,77.0
IQ,262,0,34,-103.0,43.0,-97.0,1.0
IQ,262,0,35,-46.0,102.0,-81.0,-56.0
IQ,262,0,36,113.0,-3.0,83.0,-54.0
IQ,262,0,37,-47.0,104.0,-85.0,-49.0
IQ,262,0,38,-115.0,-3.0,-75.0,65.0
IQ,262,0,39,68.0,-97.0,98.0,18.0
IQ,262,0,40,-14.0,-118.0,67.0,75.0
IQ,262,0,41,70.0,-97.0,101.0,3.0
IQ,262,0,42,89.0,82.0,-13.0,-102.0
IQ,262,0,43,13.0,-124.0,91.0,48.0
IQ,262,0,44,80.0,-98.0,103.0,-21.0
IQ,262,0,45,80.0,-101.0,100.0,-33.0
IQ,262,0,46,-36.0,126.0,-109.0,-2.0
IQ,262,0,47,120.0,-58.0,64.0,-88.0
IQ,262,0,48,-132.0,-32.0,6.0,111.0
IQ,262,0,49,-92.0,105.0,-88.0,71.0
IQ,262,0,50,-5.0,142.0,-116.0,8.0
IQ,262,0,51,143.0,-27.0,-2.0,-118.0
IQ,262,0,52,54.0,-138.0,101.0,-64.0
IQ,262,0,53,-126.0,85.0,-39.0,116.0
IQ,262,0,54,-150.0,39.0,19.0,124.0
IQ,262,0,55,159.0,12.0,-75.0,-103.0
IQ,262,0,56,0.0,0.0,0.0,0.0
IQ,262,0,57,-20.0,-165.0,104.0,-80.0
IQ,262,0,58,148.0,-77.0,-42.0,-128.0
IQ,262,0,59,95.0,-143.0,-3.0,-137.0
IQ,262,0,60,0.0,0.0,0.0,0.0
IQ,262,0,61,47.0,170.0,-90.0,108.0
IQ,262,0,62,-178.0,29.0,130.0,56.0
IQ,262,0,63,-175.0,-39.0,142.0,-9.0
IQ,262,0,64,-141.0,114.0,114.0,87.0
IQ,262,0,65,52.0,175.0,-19.0,145.0
IQ,262,0,66,-141.0,117.0,132.0,64.0
IQ,262,0,67,183.0,-16.0,-145.0,30.0
IQ,262,0,68,111.0,-150.0,-133.0,-65.0
IQ,262,0,69,-44.0,180.0,115.0,94.0
IQ,262,0,70,111.0,149.0,9.0,150.0
IQ,262,0,71,-114.0,146.0,149.0,7.0
IQ,262,0,72,-163.0,87.0,139.0,-56.0
IQ,262,0,73,105.0,-151.0,-149.0,16.0
IQ,262,0,74,156.0,-93.0,-109.0,101.0
IQ,262,0,75,123.0,131.0,74.0,127.0
IQ,262,0,76,169.0,65.0,32.0,144.0
CS,262,0,1,2.051,2.575,2.133,22,626
IQ,263,0,2,172.0,114.0,34.0,224.0
IQ,263,0,3,0.0,-205.0,-211.0,-73.0
IQ,263,0,4,-199.0,55.0,104.0,-196.0
IQ,263,0,5,52.0,-197.0,-218.0,32.0
IQ,263,0,6,184.0,-85.0,-89.0,199.0
IQ,263,0,7,-199.0,-41.0,-55.0,-209.0
IQ,263,0,8,139.0,146.0,179.0,116.0
IQ,263,0,9,152.0,-134.0,-108.0,183.0
IQ,263,0,10,189.0,-70.0,-5.0,212.0
IQ,263,0,11,62.0,193.0,210.0,2.0
IQ,263,0,12,-200.0,32.0,-50.0,-204.0
IQ,263,0,13,197.0,-49.0,55.0,202.0
IQ,263,0,14,174.0,-105.0,23.0,206.0
IQ,263,0,15,-116.0,-169.0,-204.0,33.0
IQ,263,0,16,82.0,-190.0,-86.0,188.0
IQ,263,0,17,-195.0,-66.0,-193.0,-73.0
IQ,263,0,18,-162.0,127.0,-53.0,-198.0
IQ,263,0,19,-185.0,-95.0,-204.0,-19.0
IQ,263,0,20,165.0,124.0,200.0,-36.0
IQ,263,0,21,-63.0,-198.0,-135.0,152.0
IQ,263,0,22,-38.0,202.0,13.0,-202.0
IQ,263,0,23,0.0,0.0,0.0,0.0
IQ,263,0,24,0.0,0.0,0.0,0.0
IQ,263,0,25,0.0,0.0,0.0,0.0
IQ,263,0,26,0.0,0.0,0.0,0.0
IQ,263,0,27,-199.0,-2.0,-186.0,24.0
IQ,263,0,28,157.0,-122.0,164.0,91.0
IQ,263,0,29,92.0,-176.0,126.0,135.0
IQ,263,0,30,0.0,0.0,0.0,0.0
IQ,263,0,31,169.0,-101.0,178.0,25.0
IQ,263,0,32,-42.0,-195.0,26.0,179.0
IQ,263,0,33,108.0,-166.0,161.0,81.0
IQ,263,0,34,-9.0,198.0,-77.0,-163.0
IQ,263,0,35,-184.0,-80.0,-113.0,139.0
IQ,263,0,36,200.0,49.0,128.0,-132.0
IQ,263,0,37,-170.0,-122.0,-76.0,167.0
IQ,263,0,38,-154.0,143.0,-187.0,-7.0
IQ,263,0,39,215.0,17.0,131.0,-139.0
IQ,263,0,40,-19.0,217.0,-150.0,-117.0
IQ,263,0,41,-218.0,-51.0,-94.0,170.0
IQ,263,0,42,229.0,-8.0,129.0,-150.0
IQ,263,0,43,-233.0,-3.0,-120.0,160.0
IQ,263,0,44,221.0,85.0,18.0,-203.0
IQ,263,0,45,84.0,-228.0,204.0,33.0
IQ,263,0,46,0.0,0.0,0.0,0.0
IQ,263,0,47,138.0,216.0,-135.0,-171.0
IQ,263,0,48,71.0,252.0,-193.0,-118.0
IQ,263,0,49,266.0,40.0,-5.0,-226.0
IQ,263,0,50,-188.0,203.0,-178.0,146.0
IQ,263,0,51,-224.0,-175.0,148.0,184.0
IQ,263,0,52,41.0,288.0,-243.0,11.0
IQ,263,0,53,289.0,71.0,-112.0,-222.0
IQ,263,0,54,303.0,16.0,-100.0,-232.0
IQ,263,0,55,122.0,-288.0,172.0,-191.0
IQ,263,0,56,-248.0,-203.0,251.0,81.0
IQ,263,0,57,-318.0,79.0,110.0,246.0
IQ,263,0,58,205.0,265.0,-273.0,26.0
IQ,263,0,59,311.0,142.0,-264.0,-91.0
IQ,263,0,60,-181.0,-297.0,249.0,-137.0
IQ,263,0,61,-274.0,233.0,110.0,272.0
IQ,263,0,62,-44.0,-361.0,112.0,-272.0
IQ,263,0,63,48.0,363.0,-78.0,289.0
IQ,263,0,64,-234.0,-295.0,192.0,-239.0
IQ,263,0,65,209.0,315.0,-142.0,273.0
IQ,263,0,66,296.0,235.0,-195.0,239.0
IQ,263,0,67,86.0,370.0,49.0,305.0
IQ,263,0,68,381.0,40.0,-252.0,185.0
IQ,263,0,69,315.0,216.0,-83.0,301.0
IQ,263,0,70,375.0,-56.0,-252.0,184.0
IQ,263,0,71,84.0,-368.0,-293.0,-106.0
IQ,263,0,72,33.0,371.0,248.0,180.0
IQ,263,0,73,15.0,-371.0,-286.0,-114.0
IQ,263,0,74,-358.0,-68.0,27.0,-301.0
IQ,263,0,75,362.0,-9.0,-49.0,295.0
IQ,263,0,76,140.0,327.0,269.0,126.0
CS,263,0,1,2.058,2.747,2.197,19,557
IQ,264,0,2,91.0,-29.0,-90.0,45.0
IQ,264,0,3,41.0,92.0,34.0,95.0
IQ,264,0,4,0.0,0.0,0.0,0.0
IQ,264,0,5,0.0,0.0,0.0,0.0
IQ,264,0,6,0.0,0.0,0.0,0.0
IQ,264,0,7,-91.0,21.0,57.0,-79.0
IQ,264,0,8,0.0,0.0,0.0,0.0
IQ,264,0,9,0.0,0.0,0.0,0.0
IQ,264,0,10,0.0,0.0,0.0,0.0
IQ,264,0,11,0.0,0.0,0.0,0.0
IQ,264,0,12,0.0,0.0,0.0,0.0
IQ,264,0,13,0.0,0.0,0.0,0.0
IQ,264,0,14,0.0,0.0,0.0,0.0
IQ,264,0,15,0.0,0.0,0.0,0.0
IQ,264,0,16,-102.0,8.0,-7.0,-99.0
IQ,264,0,17,0.0,0.0,0.0,0.0
IQ,264,0,18,0.0,0.0,0.0,0.0
IQ,264,0,19,-16.0,-103.0,-96.0,24.0
IQ,264,0,20,-84.0,69.0,12.0,-104.0
IQ,264,0,21,18.0,-105.0,-64.0,77.0
IQ,264,0,22,21.0,-106.0,-64.0,78.0
IQ,264,0,23,0.0,0.0,0.0,0.0
IQ,264,0,24,0.0,0.0,0.0,0.0
IQ,264,0,25,0.0,0.0,0.0,0.0
IQ,264,0,26,53.0,-95.0,5.0,99.0
IQ,264,0,27,93.0,56.0,95.0,-15.0
IQ,264,0,28,0.0,0.0,0.0,0.0
IQ,264,0,29,96.0,-52.0,69.0,70.0
IQ,264,0,30,58.0,-93.0,29.0,94.0
IQ,264,0,31,101.0,42.0,92.0,-29.0
IQ,264,0,32,0.0,0.0,0.0,0.0
IQ,264,0,33,-86.0,-71.0,-78.0,60.0
IQ,264,0,34,23.0,-108.0,16.0,96.0
IQ,264,0,35,-24.0,-110.0,-10.0,97.0
IQ,264,0,36,70.0,91.0,49.0,-87.0
IQ,264,0,37,0.0,0.0,0.0,0.0
IQ,264,0,38,90.0,-77.0,89.0,49.0
IQ,264,0,39,37.0,116.0,-5.0,-103.0
IQ,264,0,40,0.0,0.0,0.0,0.0
IQ,264,0,41,0.0,0.0,0.0,0.0
IQ,264,0,42,57.0,118.0,-11.0,-109.0
IQ,264,0,43,-82.0,-111.0,9.0,109.0
IQ,264,0,44,11.0,134.0,-74.0,-85.0
IQ,264,0,45,110.0,80.0,12.0,-113.0
IQ,264,0,46,-60.0,-124.0,56.0,99.0
IQ,264,0,47,-25.0,-138.0,88.0,73.0
IQ,264,0,48,80.0,119.0,-64.0,-100.0
IQ,264,0,49,-104.0,-102.0,51.0,107.0
IQ,264,0,50,107.0,96.0,-57.0,-105.0
IQ,264,0,51,35.0,-145.0,121.0,-7.0
IQ,264,0,52,-123.0,-87.0,59.0,105.0
IQ,264,0,53,-151.0,-24.0,26.0,121.0
IQ,264,0,54,138.0,69.0,-65.0,-106.0
IQ,264,0,55,138.0,-83.0,33.0,-123.0
IQ,264,0,56,156.0,-23.0,-17.0,-127.0
IQ,264,0,57,141.0,77.0,-106.0,-74.0
IQ,264,0,58,164.0,28.0,-81.0,-106.0
IQ,264,0,59,161.0,-36.0,-64.0,-117.0
IQ,264,0,60,-170.0,9.0,85.0,105.0
IQ,264,0,61,-164.0,65.0,64.0,127.0
IQ,264,0,62,114.0,-130.0,-12.0,-138.0
IQ,264,0,63,-49.0,-172.0,94.0,-106.0
IQ,264,0,64,67.0,-165.0,0.0,-143.0
IQ,264,0,65,179.0,33.0,-146.0,-10.0
IQ,264,0,66,50.0,174.0,-65.0,129.0
IQ,264,0,67,-167.0,-76.0,134.0,-56.0
IQ,264,0,68,-121.0,-141.0,78.0,-126.0
IQ,264,0,69,-180.0,-41.0,127.0,-74.0
IQ,264,0,70,-132.0,127.0,137.0,51.0
IQ,264,0,71,8.0,-180.0,-86.0,-118.0
IQ,264,0,72,54.0,-173.0,-119.0,-86.0
IQ,264,0,73,38.0,-173.0,-119.0,-82.0
IQ,264,0,74,174.0,5.0,-91.0,110.0
IQ,264,0,75,-86.0,-151.0,-61.0,-127.0
IQ,264,0,76,-155.0,75.0,109.0,-89.0
CS,264,0,1,1.464,2.669,0.690,15,138
IQ,265,0,2,94.0,43.0,4.0,108.0
IQ,265,0,3,102.0,15.0,-6.0,108.0
IQ,265,0,4,-47.0,92.0,103.0,-35.0
IQ,265,0,5,97.0,35.0,40.0,100.0
IQ,265,0,6,5.0,104.0,107.0,0.0
IQ,265,0,7,63.0,-84.0,-75.0,76.0
IQ,265,0,8,4.0,-105.0,-104.0,22.0
IQ,265,0,9,-34.0,98.0,84.0,-65.0
IQ,265,0,10,-23.0,102.0,87.0,-59.0
IQ,265,0,11,101.0,22.0,66.0,81.0
IQ,265,0,12,-76.0,71.0,29.0,-102.0
IQ,265,0,13,95.0,43.0,94.0,42.0
IQ,265,0,14,-99.0,-36.0,-90.0,-53.0
IQ,265,0,15,-72.0,76.0,-7.0,-103.0
IQ,265,0,16,-77.0,-73.0,-104.0,3.0
IQ,265,0,17,37.0,100.0,81.0,-62.0
IQ,265,0,18,-38.0,-99.0,-81.0,64.0
IQ,265,0,19,-9.0,-107.0,-53.0,87.0
IQ,265,0,20,-56.0,-92.0,-85.0,57.0
IQ,265,0,21,-11.0,105.0,17.0,-99.0
IQ,265,0,22,-64.0,-87.0,-69.0,73.0
IQ,265,0,23,0.0,0.0,0.0,0.0
IQ,265,0,24,0.0,0.0,0.0,0.0
IQ,265,0,25,0.0,0.0,0.0,0.0
IQ,265,0,26,-95.0,-47.0,-80.0,55.0
IQ,265,0,27,35.0,99.0,6.0,-96.0
IQ,265,0,28,27.0,-101.0,48.0,81.0
IQ,265,0,29,19.0,-104.0,50.0,80.0
IQ,265,0,30,-56.0,90.0,-82.0,-47.0
IQ,265,0,31,-104.0,-10.0,-75.0,57.0
IQ,265,0,32,-105.0,-8.0,-77.0,52.0
IQ,265,0,33,-58.0,-88.0,6.0,93.0
IQ,265,0,34,-106.0,-6.0,-69.0,62.0
IQ,265,0,35,-98.0,43.0,-90.0,25.0
IQ,265,0,36,-105.0,27.0,-79.0,49.0
IQ,265,0,37,-100.0,-45.0,-29.0,89.0
IQ,265,0,38,-82.0,74.0,-95.0,12.0
IQ,265,0,39,93.0,-62.0,87.0,-37.0
IQ,265,0,40,-53.0,122.0,-102.0,7.0
IQ,265,0,41,-108.0,-40.0,-11.0,97.0
IQ,265,0,42,-45.0,-110.0,69.0,70.0
IQ,265,0,43,0.0,0.0,0.0,0.0
IQ,265,0,44,66.0,101.0,-65.0,-79.0
IQ,265,0,45,83.0,-93.0,90.0,-52.0
IQ,265,0,46,124.0,-28.0,45.0,-94.0
IQ,265,0,47,110.0,68.0,-43.0,-97.0
IQ,265,0,48,115.0,-64.0,44.0,-99.0
IQ,265,0,49,-75.0,-114.0,97.0,51.0
IQ,265,0,50,-127.0,-54.0,52.0,99.0
IQ,265,0,51,-108.0,91.0,-44.0,105.0
IQ,265,0,52,108.0,96.0,-104.0,-57.0
IQ,265,0,53,5.0,148.0,-113.0,39.0
IQ,265,0,54,-151.0,5.0,56.0,106.0
IQ,265,0,55,19.0,152.0,-112.0,51.0
IQ,265,0,56,136.0,76.0,-118.0,-43.0
IQ,265,0,57,-44.0,-155.0,108.0,-70.0
IQ,265,0,58,152.0,-61.0,-63.0,-115.0
IQ,265,0,59,-127.0,111.0,36.0,129.0
IQ,265,0,60,152.0,-80.0,-78.0,-112.0
IQ,265,0,61,80.0,157.0,-100.0,98.0
IQ,265,0,62,49.0,172.0,-67.0,127.0
IQ,265,0,63,-127.0,133.0,93.0,112.0
IQ,265,0,64,-75.0,-173.0,57.0,-138.0
IQ,265,0,65,154.0,111.0,-110.0,103.0
IQ,265,0,66,117.0,-152.0,-127.0,-85.0
IQ,265,0,67,188.0,-44.0,-152.0,33.0
IQ,265,0,68,90.0,-174.0,-138.0,-75.0
IQ,265,0,69,190.0,51.0,-76.0,137.0
IQ,265,0,70,-73.0,-183.0,-84.0,-133.0
IQ,265,0,71,26.0,-195.0,-149.0,-51.0
IQ,265,0,72,-115.0,156.0,150.0,-42.0
IQ,265,0,73,-99.0,-164.0,-110.0,-111.0
IQ,265,0,74,68.0,175.0,136.0,69.0
IQ,265,0,75,-187.0,-12.0,-14.0,-150.0
IQ,265,0,76,-181.0,32.0,8.0,-150.0
CS,265,0,1,2.062,2.767,1.953,17,443
IQ,266,0,2,91.0,-54.0,-109.0,28.0
IQ,266,0,3,-68.0,-85.0,-30.0,-109.0
IQ,266,0,4,90.0,-58.0,-105.0,40.0
IQ,266,0,5,65.0,-84.0,-109.0,24.0
IQ,266,0,6,-65.0,-84.0,-54.0,-99.0
IQ,266,0,7,-85.0,-66.0,-48.0,-101.0
IQ,266,0,8,28.0,-106.0,-112.0,2.0
IQ,266,0,9,-84.0,67.0,77.0,-80.0
IQ,266,0,10,-108.0,6.0,11.0,-110.0
IQ,266,0,11,75.0,-79.0,-78.0,79.0
IQ,266,0,12,25.0,-107.0,-99.0,46.0
IQ,266,0,13,86.0,-68.0,-30.0,104.0
IQ,266,0,14,-108.0,22.0,-22.0,-106.0
IQ,266,0,15,108.0,3.0,50.0,95.0
IQ,266,0,16,-12.0,108.0,84.0,-66.0
IQ,266,0,17,-44.0,101.0,39.0,-98.0
IQ,266,0,18,-55.0,-93.0,-101.0,23.0
IQ,266,0,19,-48.0,-97.0,-94.0,42.0
IQ,266,0,20,31.0,-101.0,-38.0,94.0
IQ,266,0,21,96.0,41.0,99.0,12.0
IQ,266,0,22,-74.0,-76.0,-94.0,37.0
IQ,266,0,23,0.0,0.0,0.0,0.0
IQ,266,0,24,0.0,0.0,0.0,0.0
IQ,266,0,25,0.0,0.0,0.0,0.0
IQ,266,0,26,0.0,0.0,0.0,0.0
IQ,266,0,27,0.0,0.0,0.0,0.0
IQ,266,0,28,0.0,0.0,0.0,0.0
IQ,266,0,29,0.0,0.0,0.0,0.0
IQ,266,0,30,0.0,0.0,0.0,0.0
IQ,266,0,31,0.0,0.0,0.0,0.0
IQ,266,0,32,0.0,0.0,0.0,0.0
IQ,266,0,33,0.0,0.0,0.0,0.0
IQ,266,0,34,0.0,0.0,0.0,0.0
IQ,266,0,35,0.0,0.0,0.0,0.0
IQ,266,0,36,0.0,0.0,0.0,0.0
IQ,266,0,37,0.0,0.0,0.0,0.0
IQ,266,0,38,0.0,0.0,0.0,0.0
IQ,266,0,39,0.0,0.0,0.0,0.0
IQ,266,0,40,0.0,0.0,0.0,0.0
IQ,266,0,41,0.0,0.0,0.0,0.0
IQ,266,0,42,0.0,0.0,0.0,0.0
IQ,266,0,43,0.0,0.0,0.0,0.0
IQ,266,0,44,119.0,32.0,57.0,-89.0
IQ,266,0,45,-33.0,124.0,-93.0,-51.0
IQ,266,0,46,28.0,128.0,-78.0,-78.0
IQ,266,0,47,121.0,55.0,11.0,-111.0
IQ,266,0,48,79.0,112.0,-48.0,-104.0
IQ,266,0,49,0.0,0.0,0.0,0.0
IQ,266,0,50,-113.0,90.0,-96.0,71.0
IQ,266,0,51,0.0,0.0,0.0,0.0
IQ,266,0,52,153.0,-8.0,25.0,-122.0
IQ,266,0,53,-69.0,-142.0,116.0,49.0
IQ,266,0,54,0.0,0.0,0.0,0.0
IQ,266,0,55,161.0,-37.0,3.0,-134.0
IQ,266,0,56,-163.0,-43.0,72.0,113.0
IQ,266,0,57,170.0,16.0,-72.0,-119.0
IQ,266,0,58,0.0,0.0,0.0,0.0
IQ,266,0,59,-163.0,-71.0,128.0,58.0
IQ,266,0,60,-65.0,-168.0,128.0,-64.0
IQ,266,0,61,181.0,-36.0,-101.0,-109.0
IQ,266,0,62,-179.0,39.0,114.0,96.0
IQ,266,0,63,-119.0,-147.0,131.0,-76.0
IQ,266,0,64,150.0,-118.0,-95.0,-119.0
IQ,266,0,65,-172.0,-83.0,143.0,-52.0
IQ,266,0,66,172.0,82.0,-138.0,71.0
IQ,266,0,67,-93.0,-171.0,45.0,-149.0
IQ,266,0,68,14.0,191.0,41.0,149.0
IQ,266,0,69,-178.0,72.0,154.0,-7.0
IQ,266,0,70,185.0,47.0,-101.0,117.0
IQ,266,0,71,-165.0,95.0,148.0,-36.0
IQ,266,0,72,126.0,140.0,15.0,153.0
IQ,266,0,73,111.0,148.0,55.0,139.0
IQ,266,0,74,-76.0,138.0,148.0,-3.0
IQ,266,0,75,-4.0,-183.0,-140.0,-54.0
IQ,266,0,76,-105.0,-117.0,-85.0,-122.0
CS,266,0,1,2.074,2.942,1.874,13,325
IQ,267,0,2,-120.0,-156.0,-79.0,-203.0
IQ,267,0,3,0.0,0.0,0.0,0.0
IQ,267,0,4,185.0,-60.0,-131.0,168.0
IQ,267,0,5,-130.0,147.0,192.0,-86.0
IQ,267,0,6,-23.0,192.0,208.0,7.0
IQ,267,0,7,40.0,189.0,197.0,58.0
IQ,267,0,8,0.0,0.0,0.0,0.0
IQ,267,0,9,52.0,-187.0,-186.0,82.0
IQ,267,0,10,-158.0,111.0,93.0,-181.0
IQ,267,0,11,-193.0,-14.0,-66.0,-190.0
IQ,267,0,12,85.0,-175.0,-149.0,134.0
IQ,267,0,13,-27.0,192.0,183.0,-80.0
IQ,267,0,14,12.0,-194.0,-169.0,101.0
IQ,267,0,15,0.0,0.0,0.0,0.0
IQ,267,0,16,-195.0,-20.0,-111.0,-164.0
IQ,267,0,17,-194.0,-18.0,-124.0,-154.0
IQ,267,0,18,-75.0,-181.0,-192.0,43.0
IQ,267,0,19,176.0,83.0,179.0,69.0
IQ,267,0,20,-164.0,-113.0,-194.0,-21.0
IQ,267,0,21,77.0,180.0,164.0,-100.0
IQ,267,0,22,50.0,191.0,146.0,-125.0
IQ,267,0,23,0.0,0.0,0.0,0.0
IQ,267,0,24,0.0,0.0,0.0,0.0
IQ,267,0,25,0.0,0.0,0.0,0.0
IQ,267,0,26,194.0,67.0,193.0,-14.0
IQ,267,0,27,21.0,203.0,57.0,-184.0
IQ,267,0,28,172.0,-117.0,157.0,113.0
IQ,267,0,29,-194.0,-83.0,-187.0,57.0
IQ,267,0,30,192.0,-88.0,179.0,80.0
IQ,267,0,31,56.0,-206.0,70.0,182.0
IQ,267,0,32,-31.0,-213.0,3.0,195.0
IQ,267,0,33,43.0,-212.0,77.0,181.0
IQ,267,0,34,2.0,-221.0,61.0,188.0
IQ,267,0,35,-38.0,219.0,-85.0,-182.0
IQ,267,0,36,194.0,117.0,114.0,-169.0
IQ,267,0,37,-206.0,107.0,-205.0,-1.0
IQ,267,0,38,-197.0,-132.0,-96.0,188.0
IQ,267,0,39,243.0,-2.0,163.0,-135.0
IQ,267,0,40,95.0,-229.0,192.0,98.0
IQ,267,0,41,245.0,57.0,110.0,-190.0
IQ,267,0,42,255.0,-24.0,165.0,-149.0
IQ,267,0,43,99.0,-242.0,218.0,51.0
IQ,267,0,44,-205.0,-168.0,47.0,223.0
IQ,267,0,45,21.0,-267.0,213.0,84.0
IQ,267,0,46,-267.0,53.0,-108.0,205.0
IQ,267,0,47,113.0,252.0,-184.0,-145.0
IQ,267,0,48,28.0,-279.0,236.0,3.0
IQ,267,0,49,123.0,257.0,-208.0,-120.0
IQ,267,0,50,-71.0,283.0,-237.0,59.0
IQ,267,0,51,225.0,-190.0,122.0,-212.0
IQ,267,0,52,226.0,-196.0,125.0,-215.0
IQ,267,0,53,-127.0,279.0,-173.0,186.0
IQ,267,0,54,303.0,54.0,-148.0,-206.0
IQ,267,0,55,-274.0,160.0,-3.0,260.0
IQ,267,0,56,188.0,-257.0,82.0,-250.0
IQ,267,0,57,-201.0,258.0,-61.0,261.0
IQ,267,0,58,16.0,-332.0,183.0,-202.0
IQ,267,0,59,192.0,-277.0,7.0,-276.0
IQ,267,0,60,-113.0,320.0,-68.0,268.0
IQ,267,0,61,-345.0,-63.0,277.0,68.0
IQ,267,0,62,302.0,-190.0,-204.0,-207.0
IQ,267,0,63,-307.0,-192.0,277.0,-101.0
IQ,267,0,64,-98.0,351.0,67.0,288.0
IQ,267,0,65,265.0,259.0,-204.0,225.0
IQ,267,0,66,315.0,-199.0,-283.0,-120.0
IQ,267,0,67,97.0,364.0,15.0,306.0
IQ,267,0,68,229.0,-305.0,-283.0,-130.0
IQ,267,0,69,332.0,-183.0,-305.0,52.0
IQ,267,0,70,-111.0,-363.0,-153.0,-271.0
IQ,267,0,71,-155.0,342.0,304.0,49.0
IQ,267,0,72,117.0,-356.0,-301.0,-57.0
IQ,267,0,73,-327.0,167.0,236.0,-189.0
IQ,267,0,74,-165.0,321.0,292.0,-56.0
IQ,267,0,75,0.0,0.0,0.0,0.0
IQ,267,0,76,-278.0,-209.0,-160.0,-240.0
CS,267,0,1,2.151,2.662,1.644,17,373
IQ,268,0,2,90.0,-54.0,-104.0,42.0
IQ,268,0,3,88.0,56.0,10.0,108.0
IQ,268,0,4,103.0,25.0,-22.0,108.0
IQ,268,0,5,-104.0,-23.0,9.0,-110.0
IQ,268,0,6,75.0,73.0,51.0,96.0
IQ,268,0,7,-107.0,9.0,21.0,-108.0
IQ,268,0,8,15.0,-105.0,-109.0,7.0
IQ,268,0,9,-79.0,-73.0,-79.0,-75.0
IQ,268,0,10,5.0,-107.0,-106.0,18.0
IQ,268,0,11,106.0,18.0,40.0,100.0
IQ,268,0,12,43.0,98.0,107.0,12.0
IQ,268,0,13,44.0,96.0,105.0,-6.0
IQ,268,0,14,-107.0,-2.0,-58.0,-90.0
IQ,268,0,15,-107.0,4.0,-59.0,-86.0
IQ,268,0,16,100.0,34.0,91.0,48.0
IQ,268,0,17,43.0,-95.0,-20.0,98.0
IQ,268,0,18,-104.0,2.0,-80.0,-61.0
IQ,268,0,19,-69.0,-79.0,-97.0,25.0
IQ,268,0,20,-40.0,95.0,9.0,-97.0
IQ,268,0,21,26.0,98.0,58.0,-78.0
IQ,268,0,22,44.0,91.0,71.0,-66.0
IQ,268,0,23,0.0,0.0,0.0,0.0
IQ,268,0,24,0.0,0.0,0.0,0.0
IQ,268,0,25,0.0,0.0,0.0,0.0
IQ,268,0,26,102.0,8.0,94.0,2.0
IQ,268,0,27,75.0,70.0,72.0,-60.0
IQ,268,0,28,0.0,0.0,0.0,0.0
IQ,268,0,29,0.0,0.0,0.0,0.0
IQ,268,0,30,-77.0,70.0,-78.0,-56.0
IQ,268,0,31,86.0,-62.0,88.0,35.0
IQ,268,0,32,0.0,0.0,0.0,0.0
IQ,268,0,33,37.0,100.0,12.0,-95.0
IQ,268,0,34,0.0,0.0,0.0,0.0
IQ,268,0,35,0.0,0.0,0.0,0.0
IQ,268,0,36,0.0,0.0,0.0,0.0
IQ,268,0,37,-75.0,-83.0,-15.0,94.0
IQ,268,0,38,0.0,0.0,0.0,0.0
IQ,268,0,39,-117.0,2.0,-80.0,59.0
IQ,268,0,40,0.0,0.0,0.0,0.0
IQ,268,0,41,-13.0,-121.0,73.0,71.0
IQ,268,0,42,-74.0,95.0,-102.0,3.0
IQ,268,0,43,-1.0,-123.0,83.0,60.0
IQ,268,0,44,111.0,-53.0,82.0,-63.0
IQ,268,0,45,106.0,-67.0,81.0,-66.0
IQ,268,0,46,4.0,-126.0,101.0,27.0
IQ,268,0,47,104.0,70.0,-35.0,-98.0
IQ,268,0,48,34.0,123.0,-94.0,-50.0
IQ,268,0,49,-72.0,108.0,-95.0,49.0
IQ,268,0,50,-128.0,30.0,-29.0,103.0
IQ,268,0,51,-135.0,-15.0,12.0,109.0
IQ,268,0,52,-137.0,14.0,4.0,110.0
IQ,268,0,53,-140.0,-15.0,27.0,110.0
IQ,268,0,54,114.0,-88.0,48.0,-106.0
IQ,268,0,55,123.0,-89.0,33.0,-116.0
IQ,268,0,56,-22.0,-150.0,118.0,-31.0
IQ,268,0,57,138.0,71.0,-105.0,-68.0
IQ,268,0,58,-80.0,141.0,-61.0,114.0
IQ,268,0,59,-157.0,49.0,49.0,121.0
IQ,268,0,60,-130.0,-110.0,133.0,16.0
IQ,268,0,61,167.0,52.0,-131.0,-47.0
IQ,268,0,62,-50.0,-173.0,105.0,-100.0
IQ,268,0,63,-179.0,40.0,124.0,74.0
IQ,268,0,64,-115.0,147.0,52.0,139.0
IQ,268,0,65,181.0,46.0,-148.0,21.0
IQ,268,0,66,-143.0,127.0,110.0,105.0
IQ,268,0,67,191.0,18.0,-148.0,41.0
IQ,268,0,68,188.0,45.0,-132.0,80.0
IQ,268,0,69,153.0,118.0,-77.0,135.0
IQ,268,0,70,-151.0,-128.0,46.0,-152.0
IQ,268,0,71,-24.0,194.0,123.0,98.0
IQ,268,0,72,-27.0,195.0,133.0,83.0
IQ,268,0,73,193.0,-10.0,-91.0,128.0
IQ,268,0,74,-182.0,-63.0,20.0,-155.0
IQ,268,0,75,-179.0,72.0,104.0,-117.0
IQ,268,0,76,-46.0,-184.0,-133.0,-81.0
CS,268,0,1,2.020,2.694,2.160,17,490
IQ,269,0,2,0.0,0.0,0.0,0.0
IQ,269,0,3,0.0,0.0,0.0,0.0
IQ,269,0,4,0.0,0.0,0.0,0.0
IQ,269,0,5,0.0,0.0,0.0,0.0
IQ,269,0,6,0.0,0.0,0.0,0.0
IQ,269,0,7,0.0,0.0,0.0,0.0
IQ,269,0,8,0.0,0.0,0.0,0.0
IQ,269,0,9,0.0,0.0,0.0,0.0
IQ,269,0,10,0.0,0.0,0.0,0.0
IQ,269,0,11,0.0,0.0,0.0,0.0
IQ,269,0,12,0.0,0.0,0.0,0.0
IQ,269,0,13,0.0,0.0,0.0,0.0
IQ,269,0,14,0.0,0.0,0.0,0.0
IQ,269,0,15,0.0,0.0,0.0,0.0
IQ,269,0,16,61.0,-75.0,53.0,126.0
IQ,269,0,17,0.0,0.0,0.0,0.0
IQ,269,0,18,0.0,0.0,0.0,0.0
IQ,269,0,19,-89.0,24.0,-117.0,-56.0
IQ,269,0,20,88.0,12.0,126.0,6.0
IQ,269,0,21,64.0,-62.0,73.0,100.0
IQ,269,0,22,-61.0,68.0,-64.0,-106.0
IQ,269,0,23,0.0,0.0,0.0,0.0
IQ,269,0,24,0.0,0.0,0.0,0.0
IQ,269,0,25,0.0,0.0,0.0,0.0
IQ,269,0,26,90.0,-9.0,123.0,-3.0
IQ,269,0,27,8.0,90.0,-5.0,-122.0
IQ,269,0,28,37.0,91.0,42.0,-125.0
IQ,269,0,29,61.0,78.0,67.0,-114.0
IQ,269,0,30,87.0,40.0,98.0,-79.0
IQ,269,0,31,0.0,0.0,0.0,0.0
IQ,269,0,32,88.0,48.0,87.0,-97.0
IQ,269,0,33,100.0,-45.0,142.0,-2.0
IQ,269,0,34,99.0,-34.0,134.0,-22.0
IQ,269,0,35,104.0,27.0,93.0,-100.0
IQ,269,0,36,28.0,-114.0,121.0,88.0
IQ,269,0,37,-19.0,-112.0,73.0,122.0
IQ,269,0,38,0.0,0.0,0.0,0.0
IQ,269,0,39,0.0,0.0,0.0,0.0
IQ,269,0,40,48.0,115.0,-82.0,-132.0
IQ,269,0,41,0.0,0.0,0.0,0.0
IQ,269,0,42,0.0,0.0,0.0,0.0
IQ,269,0,43,0.0,0.0,0.0,0.0
IQ,269,0,44,-94.0,103.0,-144.0,90.0
IQ,269,0,45,-122.0,65.0,-104.0,130.0
IQ,269,0,46,-86.0,-114.0,132.0,109.0
IQ,269,0,47,44.0,135.0,-167.0,-42.0
IQ,269,0,48,-148.0,-7.0,45.0,172.0
IQ,269,0,49,-130.0,-76.0,119.0,133.0
IQ,269,0,50,10.0,152.0,-174.0,50.0
IQ,269,0,51,25.0,-153.0,142.0,-116.0
IQ,269,0,52,33.0,-154.0,135.0,-127.0
IQ,269,0,53,0.0,0.0,0.0,0.0
IQ,269,0,54,-156.0,-47.0,165.0,95.0
IQ,269,0,55,12.0,-165.0,108.0,-161.0
IQ,269,0,56,154.0,-67.0,-111.0,-161.0
IQ,269,0,57,-123.0,-118.0,184.0,-72.0
IQ,269,0,58,-47.0,-168.0,116.0,-166.0
IQ,269,0,59,-144.0,104.0,123.0,165.0
IQ,269,0,60,95.0,152.0,-129.0,163.0
IQ,269,0,61,-98.0,-151.0,111.0,-177.0
IQ,269,0,62,-179.0,-50.0,200.0,-78.0
IQ,269,0,63,-176.0,65.0,214.0,18.0
IQ,269,0,64,188.0,21.0,-189.0,111.0
IQ,269,0,65,0.0,0.0,0.0,0.0
IQ,269,0,66,-180.0,-76.0,114.0,-196.0
IQ,269,0,67,0.0,0.0,0.0,0.0
IQ,269,0,68,-162.0,-106.0,-4.0,-225.0
IQ,269,0,69,-81.0,176.0,225.0,14.0
IQ,269,0,70,-165.0,110.0,197.0,-119.0
IQ,269,0,71,-155.0,122.0,186.0,-135.0
IQ,269,0,72,-56.0,181.0,219.0,-35.0
IQ,269,0,73,-195.0,15.0,12.0,-229.0
IQ,269,0,74,21.0,188.0,222.0,-18.0
IQ,269,0,75,-177.0,-72.0,-135.0,-180.0
IQ,269,0,76,-137.0,124.0,84.0,-203.0
CS,269,0,1,1.757,2.636,2.862,16,611
IQ,270,0,2,-21.0,107.0,112.0,25.0
IQ,270,0,3,-79.0,-77.0,-55.0,-100.0
IQ,270,0,4,-109.0,19.0,33.0,-108.0
IQ,270,0,5,83.0,67.0,66.0,88.0
IQ,270,0,6,55.0,93.0,98.0,45.0
IQ,270,0,7,-96.0,-45.0,-67.0,-84.0
IQ,270,0,8,-96.0,-48.0,-72.0,-80.0
IQ,270,0,9,-68.0,78.0,44.0,-94.0
IQ,270,0,10,-75.0,-66.0,-91.0,-39.0
IQ,270,0,11,31.0,97.0,96.0,-29.0
IQ,270,0,12,75.0,59.0,89.0,32.0
IQ,270,0,13,91.0,22.0,74.0,56.0
IQ,270,0,14,59.0,-76.0,-9.0,92.0
IQ,270,0,15,75.0,56.0,90.0,2.0
IQ,270,0,16,-83.0,39.0,-44.0,-76.0
IQ,270,0,17,20.0,-88.0,-34.0,80.0
IQ,270,0,18,32.0,-83.0,-24.0,80.0
IQ,270,0,19,-65.0,59.0,-36.0,-73.0
IQ,270,0,20,-87.0,-10.0,-78.0,-21.0
IQ,270,0,21,80.0,-31.0,58.0,54.0
IQ,270,0,22,-25.0,80.0,-4.0,-77.0
IQ,270,0,23,0.0,0.0,0.0,0.0
IQ,270,0,24,0.0,0.0,0.0,0.0
IQ,270,0,25,0.0,0.0,0.0,0.0
IQ,270,0,26,46.0,-66.0,35.0,64.0
IQ,270,0,27,29.0,72.0,28.0,-66.0
IQ,270,0,28,77.0,29.0,70.0,-21.0
IQ,270,0,29,-8.0,76.0,-14.0,-67.0
IQ,270,0,30,77.0,-10.0,68.0,-2.0
IQ,270,0,31,50.0,-66.0,46.0,56.0
IQ,270,0,32,-20.0,72.0,-30.0,-59.0
IQ,270,0,33,-67.0,44.0,-62.0,-32.0
IQ,270,0,34,-3.0,82.0,-10.0,-69.0
IQ,270,0,35,60.0,-49.0,58.0,31.0
IQ,270,0,36,-79.0,-18.0,-63.0,29.0
IQ,270,0,37,81.0,26.0,61.0,-39.0
IQ,270,0,38,49.0,-63.0,54.0,38.0
IQ,270,0,39,4.0,-91.0,18.0,72.0
IQ,270,0,40,68.0,-62.0,65.0,34.0
IQ,270,0,41,-1.0,92.0,-27.0,-71.0
IQ,270,0,42,-48.0,85.0,-62.0,-52.0
IQ,270,0,43,13.0,100.0,-19.0,-81.0
IQ,270,0,44,-100.0,5.0,-76.0,26.0
IQ,270,0,45,11.0,-106.0,46.0,71.0
IQ,270,0,46,99.0,-46.0,88.0,-9.0
IQ,270,0,47,100.0,44.0,47.0,-74.0
IQ,270,0,48,76.0,94.0,4.0,-97.0
IQ,270,0,49,55.0,107.0,-23.0,-94.0
IQ,270,0,50,-86.0,-101.0,16.0,102.0
IQ,270,0,51,-109.0,-79.0,-5.0,104.0
IQ,270,0,52,105.0,-93.0,104.0,-38.0
IQ,270,0,53,-55.0,133.0,-113.0,4.0
IQ,270,0,54,145.0,-38.0,55.0,-103.0
IQ,270,0,55,126.0,69.0,-23.0,-110.0
IQ,270,0,56,7.0,156.0,-119.0,-14.0
IQ,270,0,57,-140.0,-68.0,54.0,107.0
IQ,270,0,58,-113.0,-116.0,96.0,76.0
IQ,270,0,59,-40.0,161.0,-111.0,60.0
IQ,270,0,60,-57.0,158.0,-96.0,88.0
IQ,270,0,61,-129.0,-116.0,126.0,42.0
IQ,270,0,62,-1.0,176.0,-106.0,83.0
IQ,270,0,63,177.0,29.0,-112.0,-80.0
IQ,270,0,64,131.0,-126.0,-17.0,-138.0
IQ,270,0,65,-164.0,-76.0,139.0,9.0
IQ,270,0,66,-134.0,128.0,53.0,132.0
IQ,270,0,67,157.0,100.0,-138.0,40.0
IQ,270,0,68,99.0,-154.0,-39.0,-136.0
IQ,270,0,69,-97.0,162.0,84.0,118.0
IQ,270,0,70,173.0,75.0,-123.0,79.0
IQ,270,0,71,-187.0,37.0,145.0,-26.0
IQ,270,0,72,-191.0,24.0,146.0,-23.0
IQ,270,0,73,-190.0,20.0,134.0,-61.0
IQ,270,0,74,82.0,-170.0,-121.0,-83.0
IQ,270,0,75,-44.0,182.0,118.0,85.0
IQ,270,0,76,-177.0,-49.0,55.0,-133.0
CS,270,0,1,1.749,2.795,2.248,22,660
IQ,271,0,2,82.0,-60.0,-157.0,23.0
IQ,271,0,3,0.0,0.0,0.0,0.0
IQ,271,0,4,0.0,0.0,0.0,0.0
IQ,271,0,5,-70.0,-71.0,-60.0,-142.0
IQ,271,0,6,0.0,0.0,0.0,0.0
IQ,271,0,7,0.0,0.0,0.0,0.0
IQ,271,0,8,0.0,0.0,0.0,0.0
IQ,271,0,9,57.0,78.0,108.0,98.0
IQ,271,0,10,0.0,0.0,0.0,0.0
IQ,271,0,11,0.0,0.0,0.0,0.0
IQ,271,0,12,-9.0,-97.0,-143.0,9.0
IQ,271,0,13,38.0,-89.0,-115.0,81.0
IQ,271,0,14,91.0,31.0,85.0,110.0
IQ,271,0,15,0.0,0.0,0.0,0.0
IQ,271,0,16,0.0,0.0,0.0,0.0
IQ,271,0,17,21.0,94.0,129.0,-48.0
IQ,271,0,18,18.0,104.0,124.0,-54.0
IQ,271,0,19,0.0,0.0,0.0,0.0
IQ,271,0,20,-87.0,41.0,-41.0,-127.0
IQ,271,0,21,54.0,-76.0,-18.0,128.0
IQ,271,0,22,29.0,90.0,109.0,-75.0
IQ,271,0,23,0.0,0.0,0.0,0.0
IQ,271,0,24,0.0,0.0,0.0,0.0
IQ,271,0,25,0.0,0.0,0.0,0.0
IQ,271,0,26,0.0,0.0,0.0,0.0
IQ,271,0,27,-52.0,75.0,-27.0,-119.0
IQ,271,0,28,83.0,-42.0,77.0,95.0
IQ,271,0,29,-61.0,76.0,-42.0,-122.0
IQ,271,0,30,48.0,-84.0,28.0,125.0
IQ,271,0,31,98.0,9.0,127.0,12.0
IQ,271,0,32,1.0,-103.0,-23.0,130.0
IQ,271,0,33,22.0,100.0,45.0,-124.0
IQ,271,0,34,-100.0,-43.0,-125.0,58.0
IQ,271,0,35,96.0,-53.0,127.0,58.0
IQ,271,0,36,92.0,-66.0,125.0,66.0
IQ,271,0,37,59.0,98.0,53.0,-134.0
IQ,271,0,38,-15.0,116.0,-61.0,-135.0
IQ,271,0,39,118.0,-14.0,143.0,-40.0
IQ,271,0,40,-101.0,69.0,-150.0,-23.0
IQ,271,0,41,118.0,-37.0,147.0,-40.0
IQ,271,0,42,-67.0,108.0,-146.0,-57.0
IQ,271,0,43,106.0,-73.0,155.0,-27.0
IQ,271,0,44,64.0,114.0,-49.0,-153.0
IQ,271,0,45,-21.0,131.0,-143.0,-74.0
IQ,271,0,46,129.0,35.0,45.0,-157.0
IQ,271,0,47,-131.0,46.0,-119.0,114.0
IQ,271,0,48,-111.0,87.0,-148.0,79.0
IQ,271,0,49,-145.0,7.0,-47.0,165.0
IQ,271,0,50,143.0,-28.0,72.0,-159.0
IQ,271,0,51,121.0,-84.0,102.0,-143.0
IQ,271,0,52,-148.0,35.0,-27.0,178.0
IQ,271,0,53,46.0,148.0,-179.0,-32.0
IQ,271,0,54,-99.0,123.0,-109.0,149.0
IQ,271,0,55,133.0,-87.0,47.0,-180.0
IQ,271,0,56,-130.0,-96.0,168.0,83.0
IQ,271,0,57,24.0,163.0,-179.0,69.0
IQ,271,0,58,156.0,58.0,-167.0,-98.0
IQ,271,0,59,-142.0,93.0,38.0,192.0
IQ,271,0,60,156.0,70.0,-193.0,-47.0
IQ,271,0,61,3.0,-174.0,100.0,-175.0
IQ,271,0,62,23.0,173.0,-103.0,175.0
IQ,271,0,63,-152.0,-93.0,199.0,-49.0
IQ,271,0,64,135.0,117.0,-178.0,106.0
IQ,271,0,65,68.0,165.0,-84.0,190.0
IQ,271,0,66,-115.0,141.0,148.0,149.0
IQ,271,0,67,134.0,124.0,-119.0,174.0
IQ,271,0,68,-111.0,145.0,189.0,96.0
IQ,271,0,69,-4.0,-183.0,-106.0,-186.0
IQ,271,0,70,170.0,58.0,-122.0,170.0
IQ,271,0,71,180.0,-32.0,-174.0,123.0
IQ,271,0,72,-172.0,52.0,172.0,-118.0
IQ,271,0,73,62.0,168.0,134.0,161.0
IQ,271,0,74,97.0,-144.0,-200.0,43.0
IQ,271,0,75,11.0,174.0,192.0,72.0
IQ,271,0,76,-42.0,168.0,205.0,-4.0
CS,271,0,1,1.757,2.697,1.854,15,371
IQ,272,0,2,-48.0,-90.0,-41.0,-100.0
IQ,272,0,3,78.0,-68.0,-106.0,16.0
IQ,272,0,4,75.0,73.0,16.0,107.0
IQ,272,0,5,-106.0,9.0,66.0,-87.0
IQ,272,0,6,-103.0,-24.0,25.0,-104.0
IQ,272,0,7,106.0,-13.0,-47.0,99.0
IQ,272,0,8,63.0,-88.0,-105.0,35.0
IQ,272,0,9,112.0,5.0,-18.0,111.0
IQ,272,0,10,103.0,-50.0,-52.0,100.0
IQ,272,0,11,98.0,49.0,47.0,99.0
IQ,272,0,12,-113.0,-9.0,-9.0,-111.0
IQ,272,0,13,-36.0,110.0,101.0,-48.0
IQ,272,0,14,108.0,-44.0,-28.0,110.0
IQ,272,0,15,-71.0,90.0,57.0,-96.0
IQ,272,0,16,-30.0,111.0,82.0,-74.0
IQ,272,0,17,115.0,-5.0,56.0,96.0
IQ,272,0,18,117.0,7.0,69.0,87.0
IQ,272,0,19,5.0,116.0,86.0,-68.0
IQ,272,0,20,-12.0,-119.0,-88.0,67.0
IQ,272,0,21,-115.0,3.0,-79.0,-74.0
IQ,272,0,22,-64.0,-102.0,-107.0,33.0
IQ,272,0,23,0.0,0.0,0.0,0.0
IQ,272,0,24,0.0,0.0,0.0,0.0
IQ,272,0,25,0.0,0.0,0.0,0.0
IQ,272,0,26,-119.0,-15.0,-106.0,-21.0
IQ,272,0,27,81.0,-88.0,43.0,96.0
IQ,272,0,28,111.0,32.0,102.0,-16.0
IQ,272,0,29,-121.0,0.0,-105.0,-12.0
IQ,272,0,30,110.0,34.0,98.0,-28.0
IQ,272,0,31,0.0,0.0,0.0,0.0
IQ,272,0,32,-98.0,71.0,-85.0,-61.0
IQ,272,0,33,0.0,0.0,0.0,0.0
IQ,272,0,34,-82.0,89.0,-87.0,-56.0
IQ,272,0,35,-11.0,122.0,-31.0,-101.0
IQ,272,0,36,119.0,10.0,95.0,-35.0
IQ,272,0,37,-100.0,73.0,-101.0,-28.0
IQ,272,0,38,0.0,0.0,0.0,0.0
IQ,272,0,39,128.0,-17.0,101.0,-36.0
IQ,272,0,40,119.0,-48.0,104.0,-21.0
IQ,272,0,41,68.0,114.0,-10.0,-109.0
IQ,272,0,42,-78.0,110.0,-108.0,-24.0
IQ,272,0,43,-2.0,-134.0,75.0,79.0
IQ,272,0,44,133.0,41.0,50.0,-102.0
IQ,272,0,45,68.0,123.0,-53.0,-101.0
IQ,272,0,46,130.0,-65.0,98.0,-62.0
IQ,272,0,47,75.0,-126.0,117.0,-8.0
IQ,272,0,48,-145.0,-28.0,-24.0,115.0
IQ,272,0,49,6.0,152.0,-107.0,-55.0
IQ,272,0,50,150.0,-44.0,70.0,-103.0
IQ,272,0,51,-113.0,-111.0,73.0,101.0
IQ,272,0,52,-160.0,34.0,-32.0,123.0
IQ,272,0,53,-71.0,-151.0,118.0,52.0
IQ,272,0,54,168.0,-5.0,-16.0,-132.0
IQ,272,0,55,172.0,-1.0,-38.0,-129.0
IQ,272,0,56,-108.0,-140.0,131.0,38.0
IQ,272,0,57,116.0,133.0,-134.0,-34.0
IQ,272,0,58,-134.0,-121.0,134.0,31.0
IQ,272,0,59,59.0,-172.0,68.0,-121.0
IQ,272,0,60,29.0,-185.0,73.0,-123.0
IQ,272,0,61,54.0,-179.0,56.0,-131.0
IQ,272,0,62,-191.0,-2.0,130.0,67.0
IQ,272,0,63,156.0,110.0,-145.0,29.0
IQ,272,0,64,147.0,127.0,-139.0,54.0
IQ,272,0,65,-59.0,-187.0,69.0,-134.0
IQ,272,0,66,-196.0,-4.0,149.0,5.0
IQ,272,0,67,195.0,-10.0,-152.0,8.0
IQ,272,0,68,-123.0,156.0,117.0,97.0
IQ,272,0,69,183.0,77.0,-111.0,105.0
IQ,272,0,70,-57.0,192.0,104.0,115.0
IQ,272,0,71,-109.0,163.0,142.0,55.0
IQ,272,0,72,-182.0,-77.0,59.0,-141.0
IQ,272,0,73,-45.0,-191.0,-87.0,-126.0
IQ,272,0,74,106.0,161.0,52.0,141.0
IQ,272,0,75,-55.0,182.0,144.0,35.0
IQ,272,0,76,10.0,-187.0,-142.0,-39.0
CS,272,0,1,2.083,2.574,1.353,18,325
IQ,273,0,2,-69.0,80.0,113.0,13.0
IQ,273,0,3,68.0,80.0,23.0,112.0
IQ,273,0,4,95.0,48.0,-14.0,115.0
IQ,273,0,5,104.0,-30.0,-85.0,81.0
IQ,273,0,6,-84.0,-72.0,-23.0,-116.0
IQ,273,0,7,0.0,0.0,0.0,0.0
IQ,273,0,8,0.0,0.0,0.0,0.0
IQ,273,0,9,-64.0,-99.0,-83.0,-91.0
IQ,273,0,10,0.0,0.0,0.0,0.0
IQ,273,0,11,0.0,0.0,0.0,0.0
IQ,273,0,12,-10.0,124.0,127.0,-13.0
IQ,273,0,13,104.0,68.0,84.0,97.0
IQ,273,0,14,0.0,0.0,0.0,0.0
IQ,273,0,15,-127.0,-36.0,-73.0,-111.0
IQ,273,0,16,-36.0,120.0,107.0,-77.0
IQ,273,0,17,-89.0,99.0,53.0,-122.0
IQ,273,0,18,117.0,-71.0,-17.0,134.0
IQ,273,0,19,118.0,72.0,129.0,44.0
IQ,273,0,20,0.0,142.0,112.0,-80.0
IQ,273,0,21,-136.0,-49.0,-131.0,-53.0
IQ,273,0,22,-63.0,-133.0,-122.0,71.0
IQ,273,0,23,0.0,0.0,0.0,0.0
IQ,273,0,24,0.0,0.0,0.0,0.0
IQ,273,0,25,0.0,0.0,0.0,0.0
IQ,273,0,26,-124.0,-90.0,-133.0,56.0
IQ,273,0,27,-82.0,-132.0,-89.0,114.0
IQ,273,0,28,-127.0,-93.0,-117.0,87.0
IQ,273,0,29,32.0,153.0,23.0,-144.0
IQ,273,0,30,109.0,-115.0,118.0,85.0
IQ,273,0,31,0.0,0.0,0.0,0.0
IQ,273,0,32,-101.0,-126.0,-45.0,139.0
IQ,273,0,33,-100.0,129.0,-127.0,-76.0
IQ,273,0,34,-118.0,-114.0,-39.0,142.0
IQ,273,0,35,0.0,0.0,0.0,0.0
IQ,273,0,36,106.0,-129.0,146.0,19.0
IQ,273,0,37,-119.0,-123.0,12.0,149.0
IQ,273,0,38,44.0,-165.0,138.0,57.0
IQ,273,0,39,-142.0,101.0,-144.0,50.0
IQ,273,0,40,0.0,0.0,0.0,0.0
IQ,273,0,41,56.0,-167.0,151.0,-12.0
IQ,273,0,42,-114.0,-137.0,86.0,126.0
IQ,273,0,43,169.0,53.0,-25.0,-152.0
IQ,273,0,44,-51.0,173.0,-150.0,35.0
IQ,273,0,45,-147.0,-104.0,83.0,128.0
IQ,273,0,46,-162.0,86.0,-57.0,143.0
IQ,273,0,47,182.0,-31.0,-2.0,-155.0
IQ,273,0,48,182.0,-30.0,-30.0,-152.0
IQ,273,0,49,-142.0,-131.0,141.0,77.0
IQ,273,0,50,-173.0,-80.0,128.0,91.0
IQ,273,0,51,111.0,157.0,-160.0,-1.0
IQ,273,0,52,51.0,-194.0,96.0,-135.0
IQ,273,0,53,67.0,188.0,-148.0,67.0
IQ,273,0,54,-5.0,201.0,-97.0,134.0
IQ,273,0,55,89.0,-181.0,12.0,-166.0
IQ,273,0,56,52.0,-200.0,41.0,-163.0
IQ,273,0,57,39.0,-205.0,34.0,-166.0
IQ,273,0,58,194.0,80.0,-171.0,19.0
IQ,273,0,59,0.0,0.0,0.0,0.0
IQ,273,0,60,0.0,0.0,0.0,0.0
IQ,273,0,61,0.0,0.0,0.0,0.0
IQ,273,0,62,-223.0,4.0,178.0,-33.0
IQ,273,0,63,215.0,-57.0,-179.0,25.0
IQ,273,0,64,-221.0,-45.0,139.0,-118.0
IQ,273,0,65,194.0,114.0,-65.0,171.0
IQ,273,0,66,4.0,-229.0,-118.0,-144.0
IQ,273,0,67,-121.0,192.0,182.0,22.0
IQ,273,0,68,-150.0,-172.0,-48.0,-179.0
IQ,273,0,69,-219.0,-50.0,27.0,-182.0
IQ,273,0,70,-220.0,-36.0,29.0,-180.0
IQ,273,0,71,-222.0,4.0,32.0,-178.0
IQ,273,0,72,118.0,184.0,145.0,104.0
IQ,273,0,73,-36.0,212.0,172.0,-36.0
IQ,273,0,74,-168.0,131.0,86.0,-152.0
IQ,273,0,75,7.0,209.0,170.0,-26.0
IQ,273,0,76,35.0,-205.0,-148.0,87.0
CS,273,0,1,2.445,2.556,2.501,16,534
IQ,274,0,2,-82.0,-116.0,-12.0,-148.0
IQ,274,0,3,142.0,17.0,-87.0,121.0
IQ,274,0,4,0.0,0.0,0.0,0.0
IQ,274,0,5,0.0,0.0,0.0,0.0
IQ,274,0,6,0.0,0.0,0.0,0.0
IQ,274,0,7,-86.0,-117.0,-80.0,-123.0
IQ,274,0,8,0.0,0.0,0.0,0.0
IQ,274,0,9,0.0,0.0,0.0,0.0
IQ,274,0,10,0.0,0.0,0.0,0.0
IQ,274,0,11,28.0,143.0,143.0,16.0
IQ,274,0,12,0.0,0.0,0.0,0.0
IQ,274,0,13,0.0,0.0,0.0,0.0
IQ,274,0,14,0.0,0.0,0.0,0.0
IQ,274,0,15,-88.0,116.0,50.0,-132.0
IQ,274,0,16,0.0,0.0,0.0,0.0
IQ,274,0,17,100.0,101.0,138.0,1.0
IQ,274,0,18,126.0,80.0,131.0,37.0
IQ,274,0,19,0.0,0.0,0.0,0.0
IQ,274,0,20,138.0,33.0,122.0,49.0
IQ,274,0,21,-85.0,-110.0,-117.0,58.0
IQ,274,0,22,-110.0,-95.0,-129.0,30.0
IQ,274,0,23,0.0,0.0,0.0,0.0
IQ,274,0,24,0.0,0.0,0.0,0.0
IQ,274,0,25,0.0,0.0,0.0,0.0
IQ,274,0,26,52.0,129.0,55.0,-113.0
IQ,274,0,27,-134.0,-20.0,-119.0,22.0
IQ,274,0,28,108.0,-92.0,88.0,90.0
IQ,274,0,29,-120.0,-81.0,-109.0,69.0
IQ,274,0,30,-123.0,54.0,-116.0,-27.0
IQ,274,0,31,0.0,0.0,0.0,0.0
IQ,274,0,32,0.0,0.0,0.0,0.0
IQ,274,0,33,125.0,27.0,91.0,-64.0
IQ,274,0,34,-47.0,131.0,-79.0,-90.0
IQ,274,0,35,123.0,-76.0,123.0,13.0
IQ,274,0,36,-137.0,26.0,-109.0,46.0
IQ,274,0,37,90.0,113.0,15.0,-121.0
IQ,274,0,38,111.0,92.0,27.0,-119.0
IQ,274,0,39,45.0,-131.0,102.0,51.0
IQ,274,0,40,-130.0,35.0,-93.0,61.0
IQ,274,0,41,-85.0,-120.0,26.0,116.0
IQ,274,0,42,-142.0,-33.0,-43.0,111.0
IQ,274,0,43,78.0,131.0,-58.0,-111.0
IQ,274,0,44,146.0,15.0,42.0,-111.0
IQ,274,0,45,-90.0,-124.0,67.0,102.0
IQ,274,0,46,-139.0,68.0,-87.0,90.0
IQ,274,0,47,-136.0,74.0,-86.0,91.0
IQ,274,0,48,138.0,-63.0,71.0,-98.0
IQ,274,0,49,31.0,151.0,-115.0,-45.0
IQ,274,0,50,-132.0,76.0,-72.0,98.0
IQ,274,0,51,129.0,-84.0,60.0,-102.0
IQ,274,0,52,163.0,24.0,-39.0,-125.0
IQ,274,0,53,-69.0,151.0,-103.0,76.0
IQ,274,0,54,-101.0,-136.0,121.0,33.0
IQ,274,0,55,116.0,-116.0,47.0,-119.0
IQ,274,0,56,0.0,0.0,0.0,0.0
IQ,274,0,57,-162.0,-74.0,122.0,62.0
IQ,274,0,58,7.0,176.0,-112.0,78.0
IQ,274,0,59,50.0,169.0,-122.0,66.0
IQ,274,0,60,-77.0,-162.0,124.0,-63.0
IQ,274,0,61,-181.0,-19.0,120.0,68.0
IQ,274,0,62,137.0,-127.0,-60.0,-131.0
IQ,274,0,63,-21.0,-183.0,58.0,-130.0
IQ,274,0,64,168.0,85.0,-141.0,32.0
IQ,274,0,65,168.0,91.0,-140.0,48.0
IQ,274,0,66,72.0,179.0,-66.0,134.0
IQ,274,0,67,81.0,-178.0,-75.0,-130.0
IQ,274,0,68,-100.0,-167.0,39.0,-144.0
IQ,274,0,69,-128.0,149.0,132.0,69.0
IQ,274,0,70,191.0,35.0,-121.0,89.0
IQ,274,0,71,6.0,194.0,72.0,130.0
IQ,274,0,72,-193.0,3.0,114.0,-95.0
IQ,274,0,73,-114.0,-154.0,-11.0,-148.0
IQ,274,0,74,-102.0,158.0,144.0,26.0
IQ,274,0,75,44.0,180.0,93.0,112.0
IQ,274,0,76,-46.0,179.0,141.0,26.0
CS,274,0,1,1.757,2.206,1.675,20,447
IQ,275,0,2,0.0,0.0,0.0,0.0
IQ,275,0,3,0.0,0.0,0.0,0.0
IQ,275,0,4,-59.0,-90.0,-73.0,-148.0
IQ,275,0,5,0.0,0.0,0.0,0.0
IQ,275,0,6,0.0,0.0,0.0,0.0
IQ,275,0,7,0.0,0.0,0.0,0.0
IQ,275,0,8,-108.0,-20.0,-7.0,-162.0
IQ,275,0,9,0.0,0.0,0.0,0.0
IQ,275,0,10,0.0,0.0,0.0,0.0
IQ,275,0,11,0.0,0.0,0.0,0.0
IQ,275,0,12,0.0,0.0,0.0,0.0
IQ,275,0,13,0.0,0.0,0.0,0.0
IQ,275,0,14,0.0,0.0,0.0,0.0
IQ,275,0,15,0.0,0.0,0.0,0.0
IQ,275,0,16,0.0,0.0,0.0,0.0
IQ,275,0,17,0.0,0.0,0.0,0.0
IQ,275,0,18,0.0,0.0,0.0,0.0
IQ,275,0,19,0.0,0.0,0.0,0.0
IQ,275,0,20,-112.0,0.0,-103.0,-116.0
IQ,275,0,21,-61.0,95.0,27.0,-151.0
IQ,275,0,22,-21.0,-112.0,-111.0,105.0
IQ,275,0,23,0.0,0.0,0.0,0.0
IQ,275,0,24,0.0,0.0,0.0,0.0
IQ,275,0,25,0.0,0.0,0.0,0.0
IQ,275,0,26,111.0,27.0,151.0,19.0
IQ,275,0,27,69.0,-93.0,47.0,145.0
IQ,275,0,28,32.0,112.0,73.0,-133.0
IQ,275,0,29,0.0,0.0,0.0,0.0
IQ,275,0,30,-43.0,-111.0,-69.0,137.0
IQ,275,0,31,-48.0,110.0,-62.0,-141.0
IQ,275,0,32,87.0,85.0,122.0,-97.0
IQ,275,0,33,-95.0,-80.0,-112.0,111.0
IQ,275,0,34,125.0,15.0,152.0,-41.0
IQ,275,0,35,-60.0,-115.0,-52.0,154.0
IQ,275,0,36,70.0,111.0,42.0,-159.0
IQ,275,0,37,-95.0,-99.0,-75.0,151.0
IQ,275,0,38,71.0,118.0,30.0,-167.0
IQ,275,0,39,-63.0,-130.0,7.0,176.0
IQ,275,0,40,-146.0,22.0,-164.0,72.0
IQ,275,0,41,-29.0,148.0,-143.0,-112.0
IQ,275,0,42,0.0,0.0,0.0,0.0
IQ,275,0,43,-86.0,131.0,-185.0,-27.0
IQ,275,0,44,0.0,0.0,0.0,0.0
IQ,275,0,45,164.0,-4.0,104.0,-163.0
IQ,275,0,46,-68.0,154.0,-199.0,7.0
IQ,275,0,47,-115.0,-122.0,88.0,175.0
IQ,275,0,48,-161.0,68.0,-120.0,163.0
IQ,275,0,49,-83.0,-155.0,169.0,112.0
IQ,275,0,50,-23.0,179.0,-206.0,34.0
IQ,275,0,51,-114.0,-145.0,180.0,111.0
IQ,275,0,52,174.0,-68.0,44.0,-211.0
IQ,275,0,53,-173.0,86.0,-36.0,218.0
IQ,275,0,54,22.0,193.0,-204.0,88.0
IQ,275,0,55,83.0,178.0,-223.0,29.0
IQ,275,0,56,-47.0,195.0,-146.0,175.0
IQ,275,0,57,201.0,-21.0,-137.0,-185.0
IQ,275,0,58,-69.0,-194.0,206.0,-103.0
IQ,275,0,59,191.0,78.0,-231.0,-28.0
IQ,275,0,60,-8.0,-209.0,119.0,-202.0
IQ,275,0,61,193.0,86.0,-237.0,24.0
IQ,275,0,62,201.0,-71.0,-212.0,-109.0
IQ,275,0,63,202.0,75.0,-220.0,95.0
IQ,275,0,64,-137.0,168.0,159.0,181.0
IQ,275,0,65,-215.0,31.0,241.0,-7.0
IQ,275,0,66,219.0,-4.0,-235.0,70.0
IQ,275,0,67,-131.0,-177.0,44.0,-241.0
IQ,275,0,68,-210.0,61.0,238.0,-56.0
IQ,275,0,69,207.0,-73.0,-218.0,110.0
IQ,275,0,70,-166.0,-142.0,9.0,-244.0
IQ,275,0,71,-205.0,-74.0,59.0,-236.0
IQ,275,0,72,-83.0,-198.0,-160.0,-180.0
IQ,275,0,73,143.0,156.0,114.0,208.0
IQ,275,0,74,-110.0,-179.0,-167.0,-166.0
IQ,275,0,75,186.0,-88.0,-122.0,199.0
IQ,275,0,76,117.0,-168.0,-187.0,136.0
CS,275,0,1,1.464,2.821,1.921,16,410
IQ,276,0,2,-87.0,67.0,116.0,-12.0
IQ,276,0,3,-89.0,67.0,116.0,-18.0
IQ,276,0,4,-107.0,-37.0,42.0,-110.0
IQ,276,0,5,-64.0,-95.0,-45.0,-110.0
IQ,276,0,6,-16.0,113.0,112.0,34.0
IQ,276,0,7,-98.0,-63.0,-25.0,-117.0
IQ,276,0,8,-52.0,-104.0,-94.0,-74.0
IQ,276,0,9,82.0,-83.0,-93.0,75.0
IQ,276,0,10,-27.0,-114.0,-111.0,-39.0
IQ,276,0,11,-112.0,-37.0,-49.0,-108.0
IQ,276,0,12,-110.0,-43.0,-47.0,-109.0
IQ,276,0,13,14.0,-116.0,-106.0,50.0
IQ,276,0,14,32.0,-113.0,-95.0,67.0
IQ,276,0,15,-85.0,-79.0,-108.0,-37.0
IQ,276,0,16,52.0,-104.0,-69.0,90.0
IQ,276,0,17,-56.0,-102.0,-111.0,18.0
IQ,276,0,18,54.0,-102.0,-46.0,101.0
IQ,276,0,19,-111.0,29.0,-61.0,-93.0
IQ,276,0,20,25.0,-113.0,-57.0,95.0
IQ,276,0,21,85.0,77.0,107.0,-13.0
IQ,276,0,22,-46.0,-107.0,-92.0,57.0
IQ,276,0,23,0.0,0.0,0.0,0.0
IQ,276,0,24,0.0,0.0,0.0,0.0
IQ,276,0,25,0.0,0.0,0.0,0.0
IQ,276,0,26,7.0,117.0,44.0,-98.0
IQ,276,0,27,115.0,-25.0,101.0,37.0
IQ,276,0,28,-119.0,-9.0,-106.0,-11.0
IQ,276,0,29,4.0,120.0,25.0,-106.0
IQ,276,0,30,-117.0,-31.0,-105.0,27.0
IQ,276,0,31,-3.0,-122.0,-3.0,106.0
IQ,276,0,32,-90.0,-83.0,-74.0,78.0
IQ,276,0,33,120.0,-29.0,108.0,-1.0
IQ,276,0,34,-115.0,50.0,-108.0,-18.0
IQ,276,0,35,113.0,-53.0,108.0,17.0
IQ,276,0,36,-115.0,-56.0,-73.0,84.0
IQ,276,0,37,-37.0,-125.0,10.0,110.0
IQ,276,0,38,-38.0,-126.0,20.0,110.0
IQ,276,0,39,0.0,0.0,0.0,0.0
IQ,276,0,40,-137.0,-21.0,-86.0,79.0
IQ,276,0,41,-13.0,-140.0,65.0,98.0
IQ,276,0,42,-128.0,-64.0,-44.0,111.0
IQ,276,0,43,145.0,-12.0,86.0,-84.0
IQ,276,0,44,147.0,-18.0,88.0,-86.0
IQ,276,0,45,151.0,5.0,67.0,-106.0
IQ,276,0,46,102.0,-118.0,125.0,-24.0
IQ,276,0,47,20.0,-159.0,126.0,29.0
IQ,276,0,48,92.0,-132.0,126.0,-38.0
IQ,276,0,49,24.0,-164.0,133.0,13.0
IQ,276,0,50,47.0,-165.0,137.0,-22.0
IQ,276,0,51,7.0,-175.0,141.0,-19.0
IQ,276,0,52,17.0,178.0,-146.0,-12.0
IQ,276,0,53,-80.0,164.0,-120.0,87.0
IQ,276,0,54,84.0,-168.0,109.0,-104.0
IQ,276,0,55,-4.0,193.0,-135.0,62.0
IQ,276,0,56,-179.0,73.0,26.0,151.0
IQ,276,0,57,53.0,183.0,-149.0,57.0
IQ,276,0,58,0.0,0.0,0.0,0.0
IQ,276,0,59,-116.0,-167.0,143.0,-58.0
IQ,276,0,60,0.0,0.0,0.0,0.0
IQ,276,0,61,205.0,31.0,-165.0,-30.0
IQ,276,0,62,150.0,151.0,-138.0,88.0
IQ,276,0,63,7.0,-211.0,8.0,-168.0
IQ,276,0,64,206.0,57.0,-165.0,39.0
IQ,276,0,65,-198.0,-86.0,147.0,-86.0
IQ,276,0,66,211.0,-39.0,-170.0,20.0
IQ,276,0,67,75.0,-199.0,-113.0,-129.0
IQ,276,0,68,-140.0,163.0,168.0,35.0
IQ,276,0,69,-206.0,63.0,160.0,-63.0
IQ,276,0,70,209.0,32.0,-97.0,139.0
IQ,276,0,71,-183.0,-101.0,7.0,-169.0
IQ,276,0,72,207.0,9.0,-69.0,152.0
IQ,276,0,73,71.0,191.0,124.0,111.0
IQ,276,0,74,180.0,88.0,33.0,159.0
IQ,276,0,75,-126.0,150.0,131.0,-91.0
IQ,276,0,76,133.0,-139.0,-109.0,112.0
CS,276,0,1,2.224,2.703,2.545,21,713
IQ,277,0,2,11.0,78.0,80.0,90.0
IQ,277,0,3,65.0,-48.0,-110.0,54.0
IQ,277,0,4,-81.0,-8.0,46.0,-113.0
IQ,277,0,5,25.0,-78.0,-121.0,-11.0
IQ,277,0,6,74.0,34.0,10.0,121.0
IQ,277,0,7,-82.0,-8.0,9.0,-122.0
IQ,277,0,8,59.0,58.0,76.0,94.0
IQ,277,0,9,-22.0,81.0,117.0,-37.0
IQ,277,0,10,-56.0,-63.0,-95.0,-75.0
IQ,277,0,11,29.0,78.0,119.0,17.0
IQ,277,0,12,-55.0,-65.0,-114.0,-42.0
IQ,277,0,13,59.0,-61.0,-41.0,111.0
IQ,277,0,14,-8.0,83.0,100.0,-65.0
IQ,277,0,15,38.0,-75.0,-59.0,104.0
IQ,277,0,16,34.0,77.0,115.0,-28.0
IQ,277,0,17,-83.0,-24.0,-98.0,-68.0
IQ,277,0,18,-77.0,-36.0,-112.0,-38.0
IQ,277,0,19,-6.0,-87.0,-77.0,90.0
IQ,277,0,20,-77.0,40.0,-53.0,-106.0
IQ,277,0,21,-34.0,-81.0,-97.0,69.0
IQ,277,0,22,63.0,60.0,112.0,-37.0
IQ,277,0,23,0.0,0.0,0.0,0.0
IQ,277,0,24,0.0,0.0,0.0,0.0
IQ,277,0,25,0.0,0.0,0.0,0.0
IQ,277,0,26,22.0,-87.0,15.0,116.0
IQ,277,0,27,55.0,71.0,73.0,-92.0
IQ,277,0,28,-66.0,-60.0,-84.0,81.0
IQ,277,0,29,76.0,51.0,90.0,-77.0
IQ,277,0,30,7.0,-91.0,33.0,112.0
IQ,277,0,31,-18.0,89.0,-55.0,-103.0
IQ,277,0,32,0.0,0.0,0.0,0.0
IQ,277,0,33,-85.0,-45.0,-75.0,94.0
IQ,277,0,34,-88.0,38.0,-121.0,9.0
IQ,277,0,35,-16.0,-95.0,44.0,111.0
IQ,277,0,36,-39.0,89.0,-105.0,-61.0
IQ,277,0,37,95.0,27.0,65.0,-104.0
IQ,277,0,38,20.0,-98.0,105.0,61.0
IQ,277,0,39,-76.0,69.0,-123.0,27.0
IQ,277,0,40,0.0,0.0,0.0,0.0
IQ,277,0,41,90.0,-55.0,110.0,-65.0
IQ,277,0,42,-20.0,-106.0,101.0,81.0
IQ,277,0,43,-99.0,46.0,-90.0,96.0
IQ,277,0,44,19.0,109.0,-119.0,-60.0
IQ,277,0,45,-78.0,79.0,-106.0,79.0
IQ,277,0,46,-91.0,69.0,-91.0,99.0
IQ,277,0,47,112.0,30.0,-29.0,-135.0
IQ,277,0,48,-20.0,118.0,-137.0,29.0
IQ,277,0,49,33.0,116.0,-142.0,-11.0
IQ,277,0,50,-121.0,-36.0,71.0,126.0
IQ,277,0,51,109.0,66.0,-120.0,-88.0
IQ,277,0,52,-127.0,-33.0,90.0,122.0
IQ,277,0,53,107.0,-76.0,18.0,-152.0
IQ,277,0,54,-123.0,-62.0,139.0,72.0
IQ,277,0,55,109.0,79.0,-156.0,-28.0
IQ,277,0,56,0.0,0.0,0.0,0.0
IQ,277,0,57,143.0,20.0,-153.0,-64.0
IQ,277,0,58,-19.0,-147.0,86.0,-143.0
IQ,277,0,59,106.0,105.0,-147.0,86.0
IQ,277,0,60,-62.0,136.0,43.0,168.0
IQ,277,0,61,42.0,147.0,-45.0,168.0
IQ,277,0,62,-8.0,154.0,24.0,174.0
IQ,277,0,63,0.0,0.0,0.0,0.0
IQ,277,0,64,0.0,0.0,0.0,0.0
IQ,277,0,65,-44.0,153.0,128.0,127.0
IQ,277,0,66,59.0,-138.0,-152.0,-90.0
IQ,277,0,67,-129.0,96.0,178.0,-29.0
IQ,277,0,68,-152.0,-53.0,36.0,-177.0
IQ,277,0,69,-139.0,-80.0,-11.0,-182.0
IQ,277,0,70,-78.0,-139.0,-114.0,-142.0
IQ,277,0,71,67.0,142.0,148.0,102.0
IQ,277,0,72,-99.0,120.0,147.0,-99.0
IQ,277,0,73,49.0,-146.0,-162.0,71.0
IQ,277,0,74,-115.0,-100.0,-125.0,-122.0
IQ,277,0,75,-82.0,-125.0,-163.0,-59.0
IQ,277,0,76,143.0,-27.0,40.0,164.0
CS,277,0,1,2.320,2.770,2.702,18,649
IQ,278,0,2,-85.0,-73.0,26.0,-116.0
IQ,278,0,3,15.0,-112.0,-88.0,-81.0
IQ,278,0,4,-34.0,109.0,103.0,58.0
IQ,278,0,5,-89.0,71.0,117.0,-18.0
IQ,278,0,6,-27.0,-113.0,-81.0,-88.0
IQ,278,0,7,-116.0,-23.0,43.0,-113.0
IQ,278,0,8,100.0,-63.0,-103.0,65.0
IQ,278,0,9,105.0,-58.0,-94.0,78.0
IQ,278,0,10,49.0,109.0,93.0,79.0
IQ,278,0,11,-111.0,-54.0,-37.0,-118.0
IQ,278,0,12,-96.0,-79.0,-70.0,-102.0
IQ,278,0,13,115.0,-47.0,-40.0,117.0
IQ,278,0,14,7.0,124.0,122.0,-17.0
IQ,278,0,15,-42.0,118.0,102.0,-69.0
IQ,278,0,16,108.0,67.0,97.0,75.0
IQ,278,0,17,90.0,-88.0,-36.0,117.0
IQ,278,0,18,-39.0,-123.0,-120.0,21.0
IQ,278,0,19,57.0,115.0,119.0,-21.0
IQ,278,0,20,-4.0,128.0,94.0,-76.0
IQ,278,0,21,118.0,46.0,111.0,47.0
IQ,278,0,22,-123.0,41.0,-64.0,-103.0
IQ,278,0,23,0.0,0.0,0.0,0.0
IQ,278,0,24,0.0,0.0,0.0,0.0
IQ,278,0,25,0.0,0.0,0.0,0.0
IQ,278,0,26,-128.0,-12.0,-117.0,-24.0
IQ,278,0,27,125.0,23.0,116.0,9.0
IQ,278,0,28,-118.0,49.0,-97.0,-65.0
IQ,278,0,29,-126.0,34.0,-107.0,-45.0
IQ,278,0,30,18.0,127.0,25.0,-112.0
IQ,278,0,31,-108.0,-70.0,-93.0,68.0
IQ,278,0,32,-114.0,65.0,-104.0,-53.0
IQ,278,0,33,-129.0,17.0,-114.0,9.0
IQ,278,0,34,132.0,-9.0,115.0,-18.0
IQ,278,0,35,134.0,0.0,111.0,-39.0
IQ,278,0,36,-135.0,-14.0,-102.0,58.0
IQ,278,0,37,-58.0,-124.0,-1.0,115.0
IQ,278,0,38,-135.0,-40.0,-76.0,91.0
IQ,278,0,39,-104.0,-97.0,-31.0,117.0
IQ,278,0,40,-140.0,-39.0,-66.0,104.0
IQ,278,0,41,129.0,66.0,33.0,-118.0
IQ,278,0,42,94.0,111.0,-13.0,-123.0
IQ,278,0,43,-12.0,-149.0,98.0,74.0
IQ,278,0,44,100.0,109.0,-35.0,-120.0
IQ,278,0,45,151.0,-14.0,67.0,-105.0
IQ,278,0,46,124.0,89.0,-45.0,-117.0
IQ,278,0,47,-146.0,56.0,-73.0,104.0
IQ,278,0,48,-107.0,118.0,-115.0,61.0
IQ,278,0,49,160.0,-10.0,38.0,-125.0
IQ,278,0,50,-158.0,-50.0,33.0,130.0
IQ,278,0,51,-15.0,-169.0,136.0,3.0
IQ,278,0,52,-56.0,-163.0,131.0,44.0
IQ,278,0,53,68.0,-162.0,115.0,-84.0
IQ,278,0,54,78.0,-161.0,101.0,-103.0
IQ,278,0,55,-110.0,147.0,-76.0,126.0
IQ,278,0,56,-121.0,142.0,-49.0,142.0
IQ,278,0,57,3.0,190.0,-117.0,97.0
IQ,278,0,58,-193.0,31.0,86.0,129.0
IQ,278,0,59,-24.0,196.0,-81.0,136.0
IQ,278,0,60,55.0,-194.0,43.0,-155.0
IQ,278,0,61,202.0,-7.0,-145.0,-74.0
IQ,278,0,62,172.0,116.0,-155.0,56.0
IQ,278,0,63,-209.0,10.0,164.0,30.0
IQ,278,0,64,-149.0,-152.0,121.0,-117.0
IQ,278,0,65,156.0,144.0,-124.0,115.0
IQ,278,0,66,48.0,207.0,-7.0,169.0
IQ,278,0,67,-200.0,-80.0,130.0,-111.0
IQ,278,0,68,202.0,65.0,-112.0,129.0
IQ,278,0,69,0.0,0.0,0.0,0.0
IQ,278,0,70,202.0,63.0,-65.0,158.0
IQ,278,0,71,79.0,193.0,74.0,151.0
IQ,278,0,72,140.0,153.0,47.0,161.0
IQ,278,0,73,-108.0,-174.0,-100.0,-133.0
IQ,278,0,74,-182.0,-84.0,-28.0,-162.0
IQ,278,0,75,-178.0,88.0,103.0,-125.0
IQ,278,0,76,103.0,-167.0,-144.0,73.0
CS,278,0,1,2.243,2.549,1.211,19,307
IQ,279,0,2,0.0,0.0,0.0,0.0
IQ,279,0,3,-43.0,101.0,100.0,55.0
IQ,279,0,4,90.0,-65.0,-114.0,9.0
IQ,279,0,5,-33.0,107.0,99.0,57.0
IQ,279,0,6,0.0,0.0,0.0,0.0
IQ,279,0,7,-64.0,-95.0,-39.0,-110.0
IQ,279,0,8,96.0,-65.0,-104.0,53.0
IQ,279,0,9,112.0,-32.0,-80.0,85.0
IQ,279,0,10,-15.0,116.0,114.0,28.0
IQ,279,0,11,0.0,0.0,0.0,0.0
IQ,279,0,12,0.0,0.0,0.0,0.0
IQ,279,0,13,0.0,0.0,0.0,0.0
IQ,279,0,14,115.0,-40.0,-40.0,112.0
IQ,279,0,15,86.0,-87.0,-72.0,93.0
IQ,279,0,16,0.0,0.0,0.0,0.0
IQ,279,0,17,0.0,0.0,0.0,0.0
IQ,279,0,18,0.0,0.0,0.0,0.0
IQ,279,0,19,-42.0,118.0,84.0,-82.0
IQ,279,0,20,-92.0,84.0,32.0,-114.0
IQ,279,0,21,-125.0,12.0,-56.0,-102.0
IQ,279,0,22,58.0,-112.0,-52.0,104.0
IQ,279,0,23,0.0,0.0,0.0,0.0
IQ,279,0,24,0.0,0.0,0.0,0.0
IQ,279,0,25,0.0,0.0,0.0,0.0
IQ,279,0,26,83.0,-97.0,9.0,115.0
IQ,279,0,27,-127.0,12.0,-94.0,-65.0
IQ,279,0,28,13.0,127.0,61.0,-96.0
IQ,279,0,29,89.0,-91.0,51.0,100.0
IQ,279,0,30,-92.0,89.0,-54.0,-100.0
IQ,279,0,31,21.0,127.0,32.0,-109.0
IQ,279,0,32,-128.0,23.0,-105.0,-44.0
IQ,279,0,33,-19.0,-130.0,-28.0,110.0
IQ,279,0,34,0.0,0.0,0.0,0.0
IQ,279,0,35,112.0,-74.0,96.0,62.0
IQ,279,0,36,-120.0,-67.0,-96.0,67.0
IQ,279,0,37,113.0,81.0,81.0,-86.0
IQ,279,0,38,-102.0,98.0,-102.0,-62.0
IQ,279,0,39,85.0,-117.0,95.0,73.0
IQ,279,0,40,-89.0,117.0,-106.0,-60.0
IQ,279,0,41,-37.0,147.0,-86.0,-90.0
IQ,279,0,42,127.0,-86.0,124.0,10.0
IQ,279,0,43,-154.0,-33.0,-84.0,95.0
IQ,279,0,44,-17.0,158.0,-94.0,-89.0
IQ,279,0,45,-134.0,93.0,-130.0,24.0
IQ,279,0,46,-163.0,18.0,-90.0,98.0
IQ,279,0,47,53.0,-158.0,130.0,33.0
IQ,279,0,48,0.0,0.0,0.0,0.0
IQ,279,0,49,-122.0,-127.0,53.0,127.0
IQ,279,0,50,160.0,-79.0,96.0,-103.0
IQ,279,0,51,0.0,0.0,0.0,0.0
IQ,279,0,52,-9.0,186.0,-145.0,-6.0
IQ,279,0,53,0.0,0.0,0.0,0.0
IQ,279,0,54,126.0,-147.0,96.0,-117.0
IQ,279,0,55,0.0,0.0,0.0,0.0
IQ,279,0,56,0.0,0.0,0.0,0.0
IQ,279,0,57,0.0,0.0,0.0,0.0
IQ,279,0,58,0.0,0.0,0.0,0.0
IQ,279,0,59,-184.0,-90.0,141.0,71.0
IQ,279,0,60,-142.0,150.0,3.0,158.0
IQ,279,0,61,-48.0,-205.0,118.0,-109.0
IQ,279,0,62,172.0,-120.0,-89.0,-137.0
IQ,279,0,63,-192.0,-90.0,162.0,-12.0
IQ,279,0,64,-38.0,209.0,0.0,163.0
IQ,279,0,65,-108.0,185.0,66.0,151.0
IQ,279,0,66,133.0,168.0,-107.0,127.0
IQ,279,0,67,-214.0,9.0,165.0,-9.0
IQ,279,0,68,206.0,-62.0,-164.0,6.0
IQ,279,0,69,-99.0,-191.0,18.0,-164.0
IQ,279,0,70,213.0,14.0,-137.0,91.0
IQ,279,0,71,13.0,-210.0,-106.0,-124.0
IQ,279,0,72,208.0,-1.0,-120.0,108.0
IQ,279,0,73,-91.0,-187.0,-64.0,-147.0
IQ,279,0,74,-29.0,202.0,142.0,71.0
IQ,279,0,75,135.0,150.0,50.0,149.0
IQ,279,0,76,-195.0,46.0,92.0,-125.0
CS,279,0,1,2.260,2.657,2.478,17,562
IQ,280,0,2,0.0,0.0,0.0,0.0
