IQ,333,0,2,8.0,-57.0,87.0,13.0
IQ,333,0,3,0.0,0.0,0.0,0.0
IQ,333,0,4,-51.0,-21.0,22.0,81.0
IQ,333,0,5,0.0,0.0,0.0,0.0
IQ,333,0,6,0.0,0.0,0.0,0.0
IQ,333,0,7,-53.0,-36.0,55.0,74.0
IQ,333,0,8,0.0,0.0,0.0,0.0
IQ,333,0,9,-51.0,-46.0,85.0,55.0
IQ,333,0,10,73.0,-5.0,-51.0,-94.0
IQ,333,0,11,70.0,-28.0,-42.0,-104.0
IQ,333,0,12,0.0,0.0,0.0,0.0
IQ,333,0,13,-82.0,7.0,103.0,60.0
IQ,333,0,14,0.0,0.0,0.0,0.0
IQ,333,0,15,-36.0,78.0,44.0,114.0
IQ,333,0,16,87.0,5.0,-120.0,30.0
IQ,333,0,17,67.0,60.0,-53.0,114.0
IQ,333,0,18,-65.0,62.0,124.0,32.0
IQ,333,0,19,-54.0,-77.0,-24.0,-127.0
IQ,333,0,20,-83.0,47.0,115.0,-62.0
IQ,333,0,21,-22.0,96.0,132.0,22.0
IQ,333,0,22,31.0,-96.0,-136.0,12.0
IQ,333,0,23,0.0,0.0,0.0,0.0
IQ,333,0,24,0.0,0.0,0.0,0.0
IQ,333,0,25,0.0,0.0,0.0,0.0
IQ,333,0,26,44.0,102.0,145.0,-39.0
IQ,333,0,27,56.0,-99.0,-23.0,150.0
IQ,333,0,28,-63.0,-100.0,-127.0,86.0
IQ,333,0,29,-105.0,-57.0,-144.0,57.0
IQ,333,0,30,98.0,66.0,123.0,-95.0
IQ,333,0,31,54.0,106.0,18.0,-156.0
IQ,333,0,32,-74.0,-96.0,-14.0,153.0
IQ,333,0,33,64.0,-99.0,150.0,13.0
IQ,333,0,34,111.0,-44.0,106.0,-102.0
IQ,333,0,35,-69.0,92.0,-133.0,56.0
IQ,333,0,36,-113.0,9.0,-20.0,141.0
IQ,333,0,37,81.0,-76.0,74.0,-116.0
IQ,333,0,38,-71.0,-84.0,128.0,32.0
IQ,333,0,39,104.0,-22.0,-54.0,-118.0
IQ,333,0,40,0.0,0.0,0.0,0.0
IQ,333,0,41,-104.0,12.0,96.0,79.0
IQ,333,0,42,-104.0,3.0,110.0,57.0
IQ,333,0,43,-6.0,-102.0,32.0,-118.0
IQ,333,0,44,20.0,97.0,-34.0,115.0
IQ,333,0,45,-54.0,-82.0,49.0,-105.0
IQ,333,0,46,86.0,46.0,-88.0,74.0
IQ,333,0,47,95.0,-5.0,-101.0,52.0
IQ,333,0,48,92.0,-26.0,-106.0,38.0
IQ,333,0,49,-82.0,49.0,109.0,-22.0
IQ,333,0,50,-17.0,-94.0,-73.0,-82.0
IQ,333,0,51,-95.0,-12.0,39.0,-103.0
IQ,333,0,52,72.0,-64.0,-101.0,45.0
IQ,333,0,53,-17.0,-97.0,-100.0,-49.0
IQ,333,0,54,0.0,0.0,0.0,0.0
IQ,333,0,55,84.0,-36.0,-43.0,108.0
IQ,333,0,56,-51.0,-91.0,-112.0,-41.0
IQ,333,0,57,-26.0,-106.0,-125.0,4.0
IQ,333,0,58,79.0,78.0,120.0,41.0
IQ,333,0,59,-103.0,57.0,-21.0,-132.0
IQ,333,0,60,0.0,0.0,0.0,0.0
IQ,333,0,61,122.0,-32.0,103.0,97.0
IQ,333,0,62,-125.0,42.0,-121.0,-81.0
IQ,333,0,63,-30.0,-133.0,-26.0,149.0
IQ,333,0,64,120.0,73.0,119.0,-100.0
IQ,333,0,65,0.0,0.0,0.0,0.0
IQ,333,0,66,49.0,-141.0,136.0,93.0
IQ,333,0,67,-17.0,-149.0,128.0,109.0
IQ,333,0,68,53.0,-143.0,170.0,-7.0
IQ,333,0,69,-80.0,133.0,-153.0,82.0
IQ,333,0,70,154.0,-22.0,-16.0,-174.0
IQ,333,0,71,156.0,16.0,-105.0,-141.0
IQ,333,0,72,-142.0,-61.0,159.0,63.0
IQ,333,0,73,82.0,-129.0,-11.0,-171.0
IQ,333,0,74,140.0,50.0,-166.0,10.0
IQ,333,0,75,-122.0,77.0,132.0,95.0
IQ,333,0,76,-141.0,-11.0,152.0,-46.0
CS,333,0,1,4.787,5.671,4.731,17,1073
IQ,334,0,2,-110.0,7.0,6.0,122.0
IQ,334,0,3,6.0,105.0,-117.0,12.0
IQ,334,0,4,0.0,0.0,0.0,0.0
IQ,334,0,5,105.0,21.0,-51.0,-107.0
IQ,334,0,6,-3.0,-115.0,116.0,-37.0
IQ,334,0,7,70.0,-97.0,68.0,-107.0
IQ,334,0,8,-124.0,26.0,39.0,129.0
IQ,334,0,9,-91.0,98.0,-20.0,143.0
IQ,334,0,10,-121.0,72.0,41.0,142.0
IQ,334,0,11,-67.0,131.0,-17.0,154.0
IQ,334,0,12,143.0,53.0,-159.0,20.0
IQ,334,0,13,-160.0,-7.0,164.0,13.0
IQ,334,0,14,104.0,127.0,-98.0,139.0
IQ,334,0,15,-136.0,97.0,163.0,47.0
IQ,334,0,16,-14.0,171.0,99.0,145.0
IQ,334,0,17,150.0,-90.0,-169.0,54.0
IQ,334,0,18,-84.0,159.0,176.0,33.0
IQ,334,0,19,38.0,-176.0,-180.0,-25.0
IQ,334,0,20,-102.0,-155.0,-123.0,-138.0
IQ,334,0,21,-189.0,9.0,13.0,-188.0
IQ,334,0,22,-1.0,195.0,186.0,-49.0
IQ,334,0,23,0.0,0.0,0.0,0.0
IQ,334,0,24,0.0,0.0,0.0,0.0
IQ,334,0,25,0.0,0.0,0.0,0.0
IQ,334,0,26,-151.0,155.0,-65.0,-197.0
IQ,334,0,27,193.0,-99.0,160.0,129.0
IQ,334,0,28,-215.0,-54.0,-204.0,45.0
IQ,334,0,29,-156.0,-164.0,-100.0,187.0
IQ,334,0,30,0.0,0.0,0.0,0.0
IQ,334,0,31,-191.0,-127.0,-40.0,210.0
IQ,334,0,32,138.0,180.0,-63.0,-201.0
IQ,334,0,33,-199.0,106.0,-147.0,148.0
IQ,334,0,34,-149.0,168.0,-161.0,125.0
IQ,334,0,35,-179.0,127.0,-76.0,186.0
IQ,334,0,36,132.0,169.0,-193.0,-37.0
IQ,334,0,37,38.0,208.0,-174.0,80.0
IQ,334,0,38,197.0,59.0,-168.0,-77.0
IQ,334,0,39,0.0,0.0,0.0,0.0
IQ,334,0,40,173.0,-105.0,-100.0,-148.0
IQ,334,0,41,44.0,192.0,-60.0,164.0
IQ,334,0,42,-195.0,-22.0,171.0,-10.0
IQ,334,0,43,-96.0,164.0,102.0,133.0
IQ,334,0,44,2.0,190.0,54.0,157.0
IQ,334,0,45,-185.0,39.0,153.0,-58.0
IQ,334,0,46,184.0,-9.0,-132.0,87.0
IQ,334,0,47,-78.0,-167.0,-60.0,-145.0
IQ,334,0,48,-166.0,-81.0,15.0,-152.0
IQ,334,0,49,148.0,-99.0,-124.0,90.0
IQ,334,0,50,-178.0,52.0,79.0,-128.0
IQ,334,0,51,-164.0,74.0,87.0,-123.0
IQ,334,0,52,-85.0,-159.0,-129.0,-80.0
IQ,334,0,53,-144.0,111.0,83.0,-128.0
IQ,334,0,54,-3.0,-187.0,-152.0,37.0
IQ,334,0,55,153.0,117.0,141.0,79.0
IQ,334,0,56,-181.0,80.0,-10.0,-167.0
IQ,334,0,57,38.0,204.0,155.0,-78.0
IQ,334,0,58,0.0,0.0,0.0,0.0
IQ,334,0,59,-217.0,56.0,-140.0,-121.0
IQ,334,0,60,35.0,231.0,78.0,-176.0
IQ,334,0,61,-225.0,94.0,-168.0,-109.0
IQ,334,0,62,-223.0,116.0,-190.0,-82.0
IQ,334,0,63,252.0,60.0,171.0,-129.0
IQ,334,0,64,-268.0,-3.0,-181.0,129.0
IQ,334,0,65,245.0,123.0,51.0,-222.0
IQ,334,0,66,-219.0,-180.0,58.0,228.0
IQ,334,0,67,275.0,85.0,-36.0,-234.0
IQ,334,0,68,284.0,-71.0,36.0,-237.0
IQ,334,0,69,53.0,-290.0,215.0,-115.0
IQ,334,0,70,140.0,-260.0,98.0,-223.0
IQ,334,0,71,210.0,-204.0,-37.0,-240.0
IQ,334,0,72,242.0,162.0,-234.0,54.0
IQ,334,0,73,-285.0,15.0,234.0,29.0
IQ,334,0,74,-22.0,277.0,54.0,226.0
IQ,334,0,75,269.0,-42.0,-223.0,51.0
IQ,334,0,76,240.0,-116.0,-216.0,54.0
CS,334,0,1,4.801,5.634,4.193,20,1119
IQ,335,0,2,0.0,0.0,0.0,0.0
IQ,335,0,3,0.0,0.0,0.0,0.0
IQ,335,0,4,-68.0,34.0,-61.0,103.0
IQ,335,0,5,0.0,0.0,0.0,0.0
IQ,335,0,6,22.0,-81.0,119.0,-40.0
IQ,335,0,7,0.0,0.0,0.0,0.0
IQ,335,0,8,0.0,0.0,0.0,0.0
IQ,335,0,9,0.0,0.0,0.0,0.0
IQ,335,0,10,3.0,-104.0,125.0,-88.0
IQ,335,0,11,0.0,0.0,0.0,0.0
IQ,335,0,12,0.0,0.0,0.0,0.0
IQ,335,0,13,0.0,0.0,0.0,0.0
IQ,335,0,14,0.0,0.0,0.0,0.0
IQ,335,0,15,0.0,0.0,0.0,0.0
IQ,335,0,16,0.0,0.0,0.0,0.0
IQ,335,0,17,0.0,0.0,0.0,0.0
IQ,335,0,18,0.0,0.0,0.0,0.0
IQ,335,0,19,-70.0,113.0,185.0,8.0
IQ,335,0,20,-135.0,-17.0,49.0,-183.0
IQ,335,0,21,-139.0,-22.0,8.0,-194.0
IQ,335,0,22,-137.0,35.0,47.0,-190.0
IQ,335,0,23,0.0,0.0,0.0,0.0
IQ,335,0,24,0.0,0.0,0.0,0.0
IQ,335,0,25,0.0,0.0,0.0,0.0
IQ,335,0,26,158.0,-9.0,152.0,146.0
IQ,335,0,27,-143.0,-74.0,-214.0,10.0
IQ,335,0,28,101.0,147.0,148.0,-158.0
IQ,335,0,29,-131.0,-104.0,-169.0,139.0
IQ,335,0,30,-166.0,-22.0,-195.0,101.0
IQ,335,0,31,143.0,93.0,77.0,-208.0
IQ,335,0,32,170.0,12.0,137.0,-171.0
IQ,335,0,33,73.0,-153.0,215.0,10.0
IQ,335,0,34,-2.0,-166.0,204.0,62.0
IQ,335,0,35,158.0,-41.0,73.0,-196.0
IQ,335,0,36,79.0,139.0,-192.0,-78.0
IQ,335,0,37,157.0,-22.0,-54.0,-193.0
IQ,335,0,38,156.0,5.0,-126.0,-147.0
IQ,335,0,39,0.0,0.0,0.0,0.0
IQ,335,0,40,-50.0,-140.0,141.0,-122.0
IQ,335,0,41,-103.0,104.0,64.0,166.0
IQ,335,0,42,-121.0,-81.0,168.0,-64.0
IQ,335,0,43,0.0,0.0,0.0,0.0
IQ,335,0,44,-137.0,22.0,168.0,-6.0
IQ,335,0,45,40.0,-131.0,-101.0,-132.0
IQ,335,0,46,-76.0,-113.0,8.0,-163.0
IQ,335,0,47,26.0,-133.0,-119.0,-111.0
IQ,335,0,48,134.0,1.0,-110.0,115.0
IQ,335,0,49,-54.0,121.0,156.0,23.0
IQ,335,0,50,55.0,-119.0,-157.0,-4.0
IQ,335,0,51,-31.0,-128.0,-131.0,-86.0
IQ,335,0,52,-128.0,-40.0,-23.0,-154.0
IQ,335,0,53,-135.0,-5.0,1.0,-159.0
IQ,335,0,54,-69.0,120.0,131.0,-96.0
IQ,335,0,55,-112.0,88.0,66.0,-154.0
IQ,335,0,56,-129.0,65.0,4.0,-171.0
IQ,335,0,57,57.0,-140.0,-101.0,145.0
IQ,335,0,58,138.0,72.0,171.0,58.0
IQ,335,0,59,-12.0,161.0,88.0,-165.0
IQ,335,0,60,-166.0,31.0,-161.0,-110.0
IQ,335,0,61,-120.0,-127.0,-161.0,118.0
IQ,335,0,62,-64.0,-168.0,-61.0,196.0
IQ,335,0,63,-26.0,-184.0,42.0,209.0
IQ,335,0,64,189.0,17.0,178.0,-130.0
IQ,335,0,65,109.0,-164.0,221.0,53.0
IQ,335,0,66,-201.0,-21.0,-115.0,200.0
IQ,335,0,67,198.0,52.0,22.0,-236.0
IQ,335,0,68,-149.0,147.0,-170.0,170.0
IQ,335,0,69,174.0,121.0,-181.0,-165.0
IQ,335,0,70,9.0,-212.0,202.0,-138.0
IQ,335,0,71,160.0,-138.0,-32.0,-243.0
IQ,335,0,72,-34.0,207.0,-80.0,230.0
IQ,335,0,73,-123.0,-164.0,186.0,-148.0
IQ,335,0,74,-192.0,65.0,222.0,73.0
IQ,335,0,75,55.0,187.0,-23.0,227.0
IQ,335,0,76,105.0,156.0,-13.0,221.0
CS,335,0,1,4.391,5.640,4.102,15,821
IQ,336,0,2,57.0,55.0,-82.0,-91.0
IQ,336,0,3,13.0,-76.0,114.0,-28.0
IQ,336,0,4,-22.0,-75.0,114.0,21.0
IQ,336,0,5,-50.0,-59.0,101.0,63.0
IQ,336,0,6,-41.0,69.0,-96.0,75.0
IQ,336,0,7,-70.0,-48.0,100.0,80.0
IQ,336,0,8,-89.0,-5.0,54.0,121.0
IQ,336,0,9,-31.0,87.0,-90.0,109.0
IQ,336,0,10,-33.0,96.0,-73.0,127.0
IQ,336,0,11,-105.0,-3.0,126.0,88.0
IQ,336,0,12,-55.0,95.0,8.0,160.0
IQ,336,0,13,-18.0,113.0,-15.0,167.0
IQ,336,0,14,69.0,95.0,-106.0,134.0
IQ,336,0,15,-108.0,54.0,169.0,43.0
IQ,336,0,16,-123.0,-13.0,159.0,-83.0
IQ,336,0,17,-88.0,92.0,179.0,31.0
IQ,336,0,18,-128.0,-21.0,108.0,-146.0
IQ,336,0,19,-126.0,39.0,133.0,-126.0
IQ,336,0,20,-76.0,-113.0,-115.0,-149.0
IQ,336,0,21,43.0,-132.0,-190.0,29.0
IQ,336,0,22,-4.0,141.0,193.0,-21.0
IQ,336,0,23,0.0,0.0,0.0,0.0
IQ,336,0,24,0.0,0.0,0.0,0.0
IQ,336,0,25,0.0,0.0,0.0,0.0
IQ,336,0,26,19.0,-156.0,-81.0,195.0
IQ,336,0,27,151.0,-55.0,160.0,140.0
IQ,336,0,28,-52.0,154.0,-50.0,-211.0
IQ,336,0,29,-73.0,147.0,-119.0,-184.0
IQ,336,0,30,-74.0,-150.0,-22.0,219.0
IQ,336,0,31,-168.0,20.0,-194.0,100.0
IQ,336,0,32,-160.0,-50.0,-87.0,199.0
IQ,336,0,33,-168.0,4.0,-89.0,195.0
IQ,336,0,34,162.0,-31.0,84.0,-195.0
IQ,336,0,35,-113.0,117.0,-135.0,156.0
IQ,336,0,36,117.0,108.0,-180.0,-96.0
IQ,336,0,37,-66.0,141.0,-120.0,156.0
IQ,336,0,38,146.0,43.0,-159.0,-108.0
IQ,336,0,39,147.0,-5.0,-150.0,-112.0
IQ,336,0,40,-71.0,-128.0,144.0,-110.0
IQ,336,0,41,-125.0,-70.0,172.0,-42.0
IQ,336,0,42,-43.0,134.0,37.0,169.0
IQ,336,0,43,-12.0,-137.0,-14.0,-170.0
IQ,336,0,44,0.0,0.0,0.0,0.0
IQ,336,0,45,14.0,132.0,56.0,152.0
IQ,336,0,46,-119.0,54.0,154.0,-31.0
IQ,336,0,47,-36.0,-125.0,-76.0,-135.0
IQ,336,0,48,-11.0,-127.0,-112.0,-103.0
IQ,336,0,49,68.0,-104.0,-148.0,14.0
IQ,336,0,50,-110.0,62.0,119.0,-87.0
IQ,336,0,51,124.0,-20.0,-43.0,142.0
IQ,336,0,52,-125.0,-23.0,-4.0,-149.0
IQ,336,0,53,-62.0,-113.0,-137.0,-68.0
IQ,336,0,54,3.0,-133.0,-154.0,27.0
IQ,336,0,55,-122.0,60.0,28.0,-156.0
IQ,336,0,56,60.0,-128.0,-104.0,129.0
IQ,336,0,57,146.0,-17.0,80.0,153.0
IQ,336,0,58,26.0,149.0,137.0,-109.0
IQ,336,0,59,-155.0,30.0,-145.0,-114.0
IQ,336,0,60,28.0,-162.0,-53.0,183.0
IQ,336,0,61,126.0,115.0,166.0,-104.0
IQ,336,0,62,-167.0,58.0,-197.0,-52.0
IQ,336,0,63,-88.0,160.0,-158.0,-142.0
IQ,336,0,64,184.0,40.0,158.0,-150.0
IQ,336,0,65,22.0,-193.0,179.0,130.0
IQ,336,0,66,10.0,-199.0,205.0,102.0
IQ,336,0,67,204.0,4.0,61.0,-227.0
IQ,336,0,68,204.0,25.0,-34.0,-238.0
IQ,336,0,69,37.0,-206.0,224.0,-89.0
IQ,336,0,70,-193.0,87.0,39.0,239.0
IQ,336,0,71,0.0,0.0,0.0,0.0
IQ,336,0,72,173.0,-113.0,-125.0,-207.0
IQ,336,0,73,91.0,183.0,-142.0,190.0
IQ,336,0,74,-191.0,59.0,225.0,55.0
IQ,336,0,75,-26.0,-192.0,-39.0,-222.0
IQ,336,0,76,10.0,-189.0,-132.0,-179.0
CS,336,0,1,4.810,5.500,4.954,19,1256
IQ,337,0,2,0.0,0.0,0.0,0.0
IQ,337,0,3,0.0,0.0,0.0,0.0
IQ,337,0,4,97.0,41.0,-59.0,-101.0
IQ,337,0,5,0.0,0.0,0.0,0.0
IQ,337,0,6,87.0,75.0,-95.0,-76.0
IQ,337,0,7,39.0,-112.0,104.0,-75.0
IQ,337,0,8,5.0,127.0,-130.0,38.0
IQ,337,0,9,0.0,0.0,0.0,0.0
IQ,337,0,10,0.0,0.0,0.0,0.0
IQ,337,0,11,0.0,0.0,0.0,0.0
IQ,337,0,12,-147.0,38.0,122.0,102.0
IQ,337,0,13,82.0,-137.0,-61.0,-155.0
IQ,337,0,14,51.0,-156.0,-55.0,-160.0
IQ,337,0,15,-135.0,-99.0,109.0,-133.0
IQ,337,0,16,18.0,172.0,53.0,168.0
IQ,337,0,17,0.0,0.0,0.0,0.0
IQ,337,0,18,67.0,-167.0,-172.0,-57.0
IQ,337,0,19,183.0,-1.0,-93.0,160.0
IQ,337,0,20,-186.0,31.0,92.0,-163.0
IQ,337,0,21,-179.0,-70.0,-52.0,-182.0
IQ,337,0,22,142.0,134.0,152.0,119.0
IQ,337,0,23,0.0,0.0,0.0,0.0
IQ,337,0,24,0.0,0.0,0.0,0.0
IQ,337,0,25,0.0,0.0,0.0,0.0
IQ,337,0,26,206.0,-74.0,137.0,157.0
IQ,337,0,27,203.0,90.0,210.0,-31.0
IQ,337,0,28,-228.0,8.0,-216.0,-22.0
IQ,337,0,29,-190.0,127.0,-200.0,-89.0
IQ,337,0,30,220.0,68.0,157.0,-149.0
IQ,337,0,31,135.0,188.0,-24.0,-215.0
IQ,337,0,32,-31.0,-230.0,149.0,155.0
IQ,337,0,33,-150.0,178.0,-197.0,82.0
IQ,337,0,34,88.0,-208.0,200.0,-62.0
IQ,337,0,35,-160.0,-157.0,163.0,123.0
IQ,337,0,36,0.0,0.0,0.0,0.0
IQ,337,0,37,-148.0,-158.0,193.0,28.0
IQ,337,0,38,-43.0,206.0,-102.0,159.0
IQ,337,0,39,99.0,177.0,-166.0,80.0
IQ,337,0,40,-143.0,-141.0,166.0,-62.0
IQ,337,0,41,-178.0,84.0,141.0,99.0
IQ,337,0,42,163.0,102.0,-152.0,77.0
IQ,337,0,43,185.0,42.0,-156.0,54.0
IQ,337,0,44,83.0,168.0,-35.0,159.0
IQ,337,0,45,-112.0,146.0,135.0,82.0
IQ,337,0,46,-129.0,128.0,155.0,18.0
IQ,337,0,47,158.0,86.0,-48.0,146.0
IQ,337,0,48,-159.0,85.0,143.0,-55.0
IQ,337,0,49,-169.0,67.0,115.0,-100.0
IQ,337,0,50,-163.0,77.0,115.0,-100.0
IQ,337,0,51,-52.0,172.0,147.0,-22.0
IQ,337,0,52,0.0,0.0,0.0,0.0
IQ,337,0,53,0.0,0.0,0.0,0.0
IQ,337,0,54,-107.0,-157.0,-144.0,-67.0
IQ,337,0,55,195.0,-1.0,62.0,151.0
IQ,337,0,56,-69.0,-190.0,-168.0,21.0
IQ,337,0,57,0.0,0.0,0.0,0.0
IQ,337,0,58,0.0,0.0,0.0,0.0
IQ,337,0,59,17.0,-225.0,-79.0,167.0
IQ,337,0,60,-233.0,-7.0,-183.0,-62.0
IQ,337,0,61,-50.0,-236.0,-67.0,187.0
IQ,337,0,62,-182.0,172.0,-166.0,-125.0
IQ,337,0,63,0.0,0.0,0.0,0.0
IQ,337,0,64,-105.0,246.0,-174.0,-136.0
IQ,337,0,65,53.0,271.0,-128.0,-178.0
IQ,337,0,66,0.0,0.0,0.0,0.0
IQ,337,0,67,231.0,171.0,-105.0,-215.0
IQ,337,0,68,0.0,0.0,0.0,0.0
IQ,337,0,69,-206.0,-210.0,219.0,105.0
IQ,337,0,70,128.0,-266.0,119.0,-212.0
IQ,337,0,71,0.0,0.0,0.0,0.0
IQ,337,0,72,288.0,-25.0,-213.0,-115.0
IQ,337,0,73,286.0,-8.0,-235.0,-39.0
IQ,337,0,74,52.0,-274.0,-56.0,-226.0
IQ,337,0,75,152.0,225.0,-56.0,219.0
IQ,337,0,76,259.0,-58.0,-203.0,89.0
CS,337,0,1,4.684,5.525,4.197,15,840
IQ,338,0,2,-13.0,78.0,-124.0,-1.0
IQ,338,0,3,59.0,-52.0,78.0,-90.0
IQ,338,0,4,26.0,73.0,-113.0,-40.0
IQ,338,0,5,5.0,81.0,-121.0,1.0
IQ,338,0,6,-48.0,-68.0,113.0,56.0
IQ,338,0,7,13.0,86.0,-133.0,11.0
IQ,338,0,8,-84.0,40.0,-8.0,138.0
IQ,338,0,9,39.0,-89.0,81.0,-119.0
IQ,338,0,10,-103.0,6.0,90.0,121.0
IQ,338,0,11,-107.0,-16.0,136.0,77.0
IQ,338,0,12,92.0,-63.0,-77.0,-143.0
IQ,338,0,13,-115.0,-4.0,161.0,37.0
IQ,338,0,14,82.0,-87.0,-119.0,-122.0
IQ,338,0,15,22.0,-119.0,-70.0,-160.0
IQ,338,0,16,118.0,35.0,-141.0,108.0
IQ,338,0,17,109.0,-64.0,-176.0,32.0
IQ,338,0,18,116.0,57.0,-58.0,171.0
IQ,338,0,19,94.0,-91.0,-177.0,53.0
IQ,338,0,20,-63.0,-119.0,-117.0,-144.0
IQ,338,0,21,-113.0,-78.0,-81.0,-172.0
IQ,338,0,22,-37.0,-136.0,-188.0,-43.0
IQ,338,0,23,0.0,0.0,0.0,0.0
IQ,338,0,24,0.0,0.0,0.0,0.0
IQ,338,0,25,0.0,0.0,0.0,0.0
IQ,338,0,26,0.0,0.0,0.0,0.0
IQ,338,0,27,-157.0,-41.0,-213.0,-15.0
IQ,338,0,28,0.0,0.0,0.0,0.0
IQ,338,0,29,159.0,50.0,204.0,-84.0
IQ,338,0,30,-110.0,-126.0,-67.0,208.0
IQ,338,0,31,3.0,168.0,-119.0,-183.0
IQ,338,0,32,53.0,-162.0,203.0,81.0
IQ,338,0,33,-130.0,-104.0,56.0,208.0
IQ,338,0,34,-73.0,147.0,-204.0,48.0
IQ,338,0,35,154.0,50.0,-70.0,-194.0
IQ,338,0,36,-84.0,-135.0,197.0,36.0
IQ,338,0,37,0.0,0.0,0.0,0.0
IQ,338,0,38,-11.0,-152.0,154.0,-112.0
IQ,338,0,39,-148.0,7.0,138.0,123.0
IQ,338,0,40,-98.0,107.0,54.0,172.0
IQ,338,0,41,-12.0,142.0,-34.0,173.0
IQ,338,0,42,80.0,-115.0,-81.0,-150.0
IQ,338,0,43,5.0,-137.0,-29.0,-164.0
IQ,338,0,44,-38.0,-130.0,1.0,-163.0
IQ,338,0,45,-20.0,-130.0,-38.0,-155.0
IQ,338,0,46,17.0,-129.0,-101.0,-121.0
IQ,338,0,47,0.0,0.0,0.0,0.0
IQ,338,0,48,126.0,16.0,-85.0,126.0
IQ,338,0,49,-96.0,-85.0,-20.0,-150.0
IQ,338,0,50,-47.0,118.0,149.0,9.0
IQ,338,0,51,-71.0,-107.0,-102.0,-112.0
IQ,338,0,52,41.0,-123.0,-152.0,19.0
IQ,338,0,53,0.0,0.0,0.0,0.0
IQ,338,0,54,127.0,-45.0,-56.0,147.0
IQ,338,0,55,0.0,0.0,0.0,0.0
IQ,338,0,56,-119.0,-85.0,-147.0,-82.0
IQ,338,0,57,-147.0,33.0,-63.0,-161.0
IQ,338,0,58,-95.0,-125.0,-174.0,9.0
IQ,338,0,59,105.0,-124.0,20.0,187.0
IQ,338,0,60,-71.0,-155.0,-139.0,134.0
IQ,338,0,61,-145.0,-98.0,-187.0,75.0
IQ,338,0,62,-133.0,-122.0,-147.0,148.0
IQ,338,0,63,28.0,-185.0,91.0,196.0
IQ,338,0,64,-109.0,159.0,-197.0,-95.0
IQ,338,0,65,99.0,171.0,-59.0,-220.0
IQ,338,0,66,-100.0,180.0,-234.0,-7.0
IQ,338,0,67,21.0,204.0,-225.0,-80.0
IQ,338,0,68,123.0,169.0,-190.0,-152.0
IQ,338,0,69,-46.0,207.0,-220.0,107.0
IQ,338,0,70,-169.0,-129.0,222.0,100.0
IQ,338,0,71,-123.0,-171.0,234.0,-65.0
IQ,338,0,72,160.0,-134.0,-101.0,-219.0
IQ,338,0,73,-199.0,-43.0,237.0,7.0
IQ,338,0,74,-120.0,-160.0,133.0,-192.0
IQ,338,0,75,72.0,-180.0,-143.0,-174.0
IQ,338,0,76,56.0,179.0,50.0,211.0
CS,338,0,1,4.809,5.697,4.316,17,979
IQ,339,0,2,91.0,-63.0,75.0,-95.0
IQ,339,0,3,69.0,-86.0,92.0,-76.0
IQ,339,0,4,0.0,0.0,0.0,0.0
IQ,339,0,5,90.0,-67.0,64.0,-105.0
IQ,339,0,6,0.0,0.0,0.0,0.0
IQ,339,0,7,0.0,0.0,0.0,0.0
IQ,339,0,8,0.0,0.0,0.0,0.0
IQ,339,0,9,0.0,0.0,0.0,0.0
IQ,339,0,10,-38.0,139.0,-79.0,127.0
IQ,339,0,11,0.0,0.0,0.0,0.0
IQ,339,0,12,0.0,0.0,0.0,0.0
IQ,339,0,13,0.0,0.0,0.0,0.0
IQ,339,0,14,0.0,0.0,0.0,0.0
IQ,339,0,15,0.0,0.0,0.0,0.0
IQ,339,0,16,121.0,-126.0,-166.0,-63.0
IQ,339,0,17,86.0,154.0,15.0,177.0
IQ,339,0,18,0.0,0.0,0.0,0.0
IQ,339,0,19,0.0,0.0,0.0,0.0
IQ,339,0,20,-181.0,-29.0,31.0,-183.0
IQ,339,0,21,90.0,-169.0,-182.0,64.0
IQ,339,0,22,-89.0,-175.0,-179.0,-73.0
IQ,339,0,23,0.0,0.0,0.0,0.0
IQ,339,0,24,0.0,0.0,0.0,0.0
IQ,339,0,25,0.0,0.0,0.0,0.0
IQ,339,0,26,189.0,-111.0,86.0,190.0
IQ,339,0,27,150.0,-164.0,104.0,185.0
IQ,339,0,28,-183.0,-134.0,-182.0,111.0
IQ,339,0,29,-229.0,-35.0,-207.0,66.0
IQ,339,0,30,-159.0,169.0,-202.0,-78.0
IQ,339,0,31,15.0,231.0,-110.0,-187.0
IQ,339,0,32,91.0,211.0,-97.0,-190.0
IQ,339,0,33,-203.0,106.0,-161.0,137.0
IQ,339,0,34,-108.0,203.0,-199.0,68.0
IQ,339,0,35,-119.0,-190.0,182.0,88.0
IQ,339,0,36,-127.0,178.0,-109.0,165.0
IQ,339,0,37,194.0,-91.0,-4.0,-193.0
IQ,339,0,38,19.0,209.0,-147.0,116.0
IQ,339,0,39,75.0,-192.0,45.0,-176.0
IQ,339,0,40,193.0,50.0,-174.0,-37.0
IQ,339,0,41,189.0,54.0,-173.0,7.0
IQ,339,0,42,-182.0,-73.0,163.0,-46.0
IQ,339,0,43,117.0,153.0,-83.0,146.0
IQ,339,0,44,47.0,182.0,6.0,163.0
IQ,339,0,45,186.0,19.0,-135.0,89.0
IQ,339,0,46,-184.0,6.0,138.0,-76.0
IQ,339,0,47,22.0,182.0,97.0,122.0
IQ,339,0,48,140.0,115.0,-15.0,153.0
IQ,339,0,49,-177.0,-38.0,52.0,-145.0
IQ,339,0,50,102.0,149.0,80.0,130.0
IQ,339,0,51,-125.0,132.0,133.0,-74.0
IQ,339,0,52,-152.0,-103.0,-71.0,-137.0
IQ,339,0,53,-171.0,-78.0,-74.0,-139.0
IQ,339,0,54,-184.0,-46.0,-60.0,-147.0
IQ,339,0,55,-31.0,193.0,140.0,-82.0
IQ,339,0,56,-200.0,-29.0,-90.0,-143.0
IQ,339,0,57,-21.0,-207.0,-150.0,86.0
IQ,339,0,58,176.0,-125.0,38.0,175.0
IQ,339,0,59,-41.0,-220.0,-139.0,125.0
IQ,339,0,60,-231.0,-34.0,-189.0,-38.0
IQ,339,0,61,-218.0,108.0,-163.0,-117.0
IQ,339,0,62,-147.0,-204.0,-108.0,174.0
IQ,339,0,63,224.0,-131.0,210.0,36.0
IQ,339,0,64,254.0,-85.0,216.0,-48.0
IQ,339,0,65,272.0,-19.0,163.0,-157.0
IQ,339,0,66,281.0,-25.0,141.0,-186.0
IQ,339,0,67,163.0,-239.0,223.0,-83.0
IQ,339,0,68,-237.0,173.0,-139.0,196.0
IQ,339,0,69,124.0,-271.0,176.0,-171.0
IQ,339,0,70,290.0,-52.0,-105.0,-222.0
IQ,339,0,71,-131.0,-263.0,226.0,-95.0
IQ,339,0,72,-121.0,268.0,-4.0,242.0
IQ,339,0,73,-285.0,-46.0,236.0,-13.0
IQ,339,0,74,-270.0,77.0,231.0,36.0
IQ,339,0,75,259.0,-85.0,-228.0,-3.0
IQ,339,0,76,-242.0,109.0,221.0,-34.0
CS,339,0,1,4.099,5.643,4.020,14,751
IQ,340,0,2,-72.0,-94.0,76.0,94.0
IQ,340,0,3,0.0,0.0,0.0,0.0
IQ,340,0,4,0.0,0.0,0.0,0.0
IQ,340,0,5,0.0,0.0,0.0,0.0
IQ,340,0,6,0.0,0.0,0.0,0.0
IQ,340,0,7,0.0,0.0,0.0,0.0
IQ,340,0,8,0.0,0.0,0.0,0.0
IQ,340,0,9,0.0,0.0,0.0,0.0
IQ,340,0,10,0.0,0.0,0.0,0.0
IQ,340,0,11,0.0,0.0,0.0,0.0
IQ,340,0,12,0.0,0.0,0.0,0.0
IQ,340,0,13,0.0,0.0,0.0,0.0
IQ,340,0,14,0.0,0.0,0.0,0.0
IQ,340,0,15,0.0,0.0,0.0,0.0
IQ,340,0,16,0.0,0.0,0.0,0.0
IQ,340,0,17,0.0,0.0,0.0,0.0
IQ,340,0,18,0.0,0.0,0.0,0.0
IQ,340,0,19,0.0,0.0,0.0,0.0
IQ,340,0,20,55.0,-181.0,-175.0,-49.0
IQ,340,0,21,-130.0,-147.0,-93.0,-161.0
IQ,340,0,22,-106.0,167.0,171.0,-68.0
IQ,340,0,23,0.0,0.0,0.0,0.0
IQ,340,0,24,0.0,0.0,0.0,0.0
IQ,340,0,25,0.0,0.0,0.0,0.0
IQ,340,0,26,179.0,-135.0,32.0,199.0
IQ,340,0,27,-194.0,114.0,-80.0,-188.0
IQ,340,0,28,-148.0,175.0,-69.0,-196.0
IQ,340,0,29,136.0,-189.0,88.0,187.0
IQ,340,0,30,217.0,90.0,179.0,-105.0
IQ,340,0,31,229.0,54.0,155.0,-140.0
IQ,340,0,32,-173.0,161.0,-204.0,-45.0
IQ,340,0,33,0.0,0.0,0.0,0.0
IQ,340,0,34,0.0,0.0,0.0,0.0
IQ,340,0,35,227.0,-29.0,64.0,-186.0
IQ,340,0,36,-68.0,216.0,-185.0,53.0
IQ,340,0,37,192.0,-102.0,52.0,-180.0
IQ,340,0,38,-155.0,-148.0,166.0,74.0
IQ,340,0,39,0.0,0.0,0.0,0.0
IQ,340,0,40,43.0,204.0,-142.0,101.0
IQ,340,0,41,128.0,-156.0,-13.0,-170.0
IQ,340,0,42,129.0,158.0,-154.0,66.0
IQ,340,0,43,-186.0,67.0,135.0,91.0
IQ,340,0,44,66.0,185.0,-73.0,143.0
IQ,340,0,45,158.0,113.0,-119.0,104.0
IQ,340,0,46,-32.0,-187.0,-6.0,-156.0
IQ,340,0,47,-120.0,142.0,135.0,72.0
IQ,340,0,48,184.0,-38.0,-145.0,42.0
IQ,340,0,49,-31.0,-186.0,-79.0,-131.0
IQ,340,0,50,186.0,24.0,-83.0,128.0
IQ,340,0,51,-56.0,180.0,145.0,34.0
IQ,340,0,52,-23.0,189.0,137.0,64.0
IQ,340,0,53,131.0,-144.0,-140.0,57.0
IQ,340,0,54,161.0,-121.0,-118.0,102.0
IQ,340,0,55,-79.0,-187.0,-145.0,-71.0
IQ,340,0,56,112.0,180.0,144.0,85.0
IQ,340,0,57,213.0,-46.0,3.0,169.0
IQ,340,0,58,227.0,23.0,89.0,154.0
IQ,340,0,59,-165.0,164.0,36.0,-182.0
IQ,340,0,60,239.0,56.0,155.0,108.0
IQ,340,0,61,-176.0,185.0,-35.0,-195.0
IQ,340,0,62,4.0,263.0,70.0,-193.0
IQ,340,0,63,194.0,192.0,161.0,-134.0
IQ,340,0,64,-160.0,231.0,-137.0,-169.0
IQ,340,0,65,197.0,-212.0,206.0,85.0
IQ,340,0,66,222.0,-197.0,227.0,33.0
IQ,340,0,67,151.0,262.0,-94.0,-214.0
IQ,340,0,68,-260.0,164.0,-186.0,150.0
IQ,340,0,69,285.0,119.0,-62.0,-229.0
IQ,340,0,70,308.0,-28.0,-31.0,-240.0
IQ,340,0,71,74.0,-301.0,180.0,-159.0
IQ,340,0,72,201.0,-231.0,42.0,-234.0
IQ,340,0,73,-236.0,-186.0,234.0,-27.0
IQ,340,0,74,286.0,59.0,-228.0,-36.0
IQ,340,0,75,249.0,135.0,-205.0,89.0
IQ,340,0,76,-240.0,-140.0,173.0,-136.0
CS,340,0,1,4.099,5.486,4.762,15,953
IQ,341,0,2,-6.0,79.0,-88.0,-12.0
IQ,341,0,3,63.0,-49.0,59.0,-63.0
IQ,341,0,4,-68.0,40.0,-49.0,71.0
IQ,341,0,5,-49.0,65.0,-73.0,48.0
IQ,341,0,6,2.0,-84.0,88.0,-9.0
IQ,341,0,7,87.0,11.0,-30.0,-90.0
IQ,341,0,8,-28.0,-88.0,98.0,-7.0
IQ,341,0,9,-14.0,96.0,-87.0,56.0
IQ,341,0,10,88.0,49.0,-99.0,-45.0
IQ,341,0,11,-97.0,47.0,42.0,102.0
IQ,341,0,12,99.0,52.0,-116.0,-11.0
IQ,341,0,13,100.0,-58.0,-82.0,-86.0
IQ,341,0,14,-45.0,109.0,28.0,117.0
IQ,341,0,15,20.0,119.0,-5.0,124.0
IQ,341,0,16,121.0,-22.0,-125.0,14.0
IQ,341,0,17,0.0,0.0,0.0,0.0
IQ,341,0,18,-95.0,-87.0,17.0,-128.0
IQ,341,0,19,-128.0,27.0,90.0,-97.0
IQ,341,0,20,-40.0,127.0,129.0,24.0
IQ,341,0,21,39.0,-131.0,-134.0,7.0
IQ,341,0,22,-18.0,137.0,137.0,-15.0
IQ,341,0,23,0.0,0.0,0.0,0.0
IQ,341,0,24,0.0,0.0,0.0,0.0
IQ,341,0,25,0.0,0.0,0.0,0.0
IQ,341,0,26,-121.0,-98.0,-148.0,-8.0
IQ,341,0,27,151.0,-47.0,107.0,103.0
IQ,341,0,28,156.0,35.0,151.0,5.0
IQ,341,0,29,44.0,-158.0,41.0,146.0
IQ,341,0,30,-8.0,165.0,-51.0,-144.0
IQ,341,0,31,165.0,-11.0,135.0,-70.0
IQ,341,0,32,23.0,162.0,-78.0,-130.0
IQ,341,0,33,63.0,152.0,-86.0,-124.0
IQ,341,0,34,85.0,-137.0,142.0,-38.0
IQ,341,0,35,-158.0,20.0,-21.0,143.0
IQ,341,0,36,0.0,0.0,0.0,0.0
IQ,341,0,37,95.0,-121.0,64.0,-121.0
IQ,341,0,38,131.0,73.0,-122.0,-55.0
IQ,341,0,39,0.0,0.0,0.0,0.0
IQ,341,0,40,0.0,0.0,0.0,0.0
IQ,341,0,41,-44.0,136.0,-3.0,125.0
IQ,341,0,42,-11.0,-139.0,38.0,-114.0
IQ,341,0,43,-100.0,93.0,84.0,84.0
IQ,341,0,44,-78.0,111.0,80.0,87.0
IQ,341,0,45,106.0,-80.0,-107.0,-42.0
IQ,341,0,46,-88.0,-98.0,30.0,-108.0
IQ,341,0,47,-65.0,-113.0,-13.0,-112.0
IQ,341,0,48,128.0,-21.0,-88.0,66.0
IQ,341,0,49,114.0,-63.0,-101.0,43.0
IQ,341,0,50,-130.0,3.0,61.0,-91.0
IQ,341,0,51,99.0,-86.0,-94.0,56.0
IQ,341,0,52,-10.0,-132.0,-100.0,-48.0
IQ,341,0,53,-95.0,95.0,90.0,-68.0
IQ,341,0,54,-3.0,-141.0,-116.0,1.0
IQ,341,0,55,-123.0,-69.0,-74.0,-89.0
IQ,341,0,56,0.0,0.0,0.0,0.0
IQ,341,0,57,150.0,20.0,70.0,102.0
IQ,341,0,58,127.0,90.0,124.0,36.0
IQ,341,0,59,97.0,-132.0,-9.0,132.0
IQ,341,0,60,-166.0,30.0,-108.0,-87.0
IQ,341,0,61,167.0,49.0,142.0,1.0
IQ,341,0,62,106.0,-146.0,85.0,122.0
IQ,341,0,63,0.0,0.0,0.0,0.0
IQ,341,0,64,-153.0,117.0,-154.0,-33.0
IQ,341,0,65,-23.0,195.0,-116.0,-115.0
IQ,341,0,66,186.0,76.0,51.0,-158.0
IQ,341,0,67,97.0,-184.0,167.0,-25.0
IQ,341,0,68,0.0,0.0,0.0,0.0
IQ,341,0,69,90.0,191.0,-170.0,-35.0
IQ,341,0,70,77.0,197.0,-174.0,3.0
IQ,341,0,71,208.0,31.0,-138.0,-106.0
IQ,341,0,72,138.0,-156.0,-24.0,-171.0
IQ,341,0,73,73.0,190.0,-98.0,140.0
IQ,341,0,74,-199.0,-26.0,166.0,-10.0
IQ,341,0,75,-195.0,-5.0,159.0,-28.0
IQ,341,0,76,-138.0,-130.0,59.0,-146.0
CS,341,0,1,4.823,5.523,4.617,20,1232
IQ,342,0,2,8.0,-114.0,125.0,-7.0
IQ,342,0,3,-73.0,-83.0,95.0,77.0
IQ,342,0,4,108.0,31.0,-53.0,-112.0
IQ,342,0,5,-67.0,94.0,-88.0,90.0
IQ,342,0,6,-32.0,115.0,-104.0,76.0
IQ,342,0,7,0.0,0.0,0.0,0.0
IQ,342,0,8,-14.0,-133.0,132.0,-53.0
IQ,342,0,9,0.0,0.0,0.0,0.0
IQ,342,0,10,146.0,14.0,-124.0,-96.0
IQ,342,0,11,93.0,-123.0,-22.0,-159.0
IQ,342,0,12,-115.0,-111.0,155.0,-59.0
IQ,342,0,13,41.0,-158.0,-32.0,-169.0
IQ,342,0,14,-25.0,164.0,47.0,165.0
IQ,342,0,15,139.0,-99.0,-172.0,-39.0
IQ,342,0,16,154.0,-83.0,-179.0,17.0
IQ,342,0,17,0.0,0.0,0.0,0.0
IQ,342,0,18,61.0,170.0,117.0,140.0
IQ,342,0,19,158.0,-101.0,-152.0,106.0
IQ,342,0,20,-175.0,-63.0,-18.0,-187.0
IQ,342,0,21,0.0,0.0,0.0,0.0
IQ,342,0,22,0.0,0.0,0.0,0.0
IQ,342,0,23,0.0,0.0,0.0,0.0
IQ,342,0,24,0.0,0.0,0.0,0.0
IQ,342,0,25,0.0,0.0,0.0,0.0
IQ,342,0,26,0.0,0.0,0.0,0.0
IQ,342,0,27,0.0,0.0,0.0,0.0
IQ,342,0,28,0.0,0.0,0.0,0.0
IQ,342,0,29,0.0,0.0,0.0,0.0
IQ,342,0,30,228.0,34.0,162.0,-145.0
IQ,342,0,31,193.0,126.0,41.0,-214.0
IQ,342,0,32,-181.0,144.0,-205.0,66.0
IQ,342,0,33,-179.0,-143.0,95.0,189.0
IQ,342,0,34,-42.0,222.0,-207.0,12.0
IQ,342,0,35,211.0,74.0,-110.0,-172.0
IQ,342,0,36,-101.0,194.0,-125.0,154.0
IQ,342,0,37,-210.0,51.0,71.0,179.0
IQ,342,0,38,186.0,98.0,-185.0,-41.0
IQ,342,0,39,101.0,179.0,-158.0,89.0
IQ,342,0,40,-197.0,-37.0,171.0,39.0
IQ,342,0,41,152.0,125.0,-149.0,87.0
IQ,342,0,42,-169.0,94.0,136.0,100.0
IQ,342,0,43,141.0,128.0,-102.0,131.0
IQ,342,0,44,139.0,125.0,-79.0,143.0
IQ,342,0,45,-173.0,-74.0,92.0,-132.0
IQ,342,0,46,-183.0,10.0,133.0,-86.0
IQ,342,0,47,180.0,-15.0,-113.0,106.0
IQ,342,0,48,148.0,107.0,4.0,155.0
IQ,342,0,49,-175.0,46.0,98.0,-118.0
IQ,342,0,50,159.0,-85.0,-109.0,107.0
IQ,342,0,51,34.0,-177.0,-154.0,1.0
IQ,342,0,52,55.0,-175.0,-153.0,31.0
IQ,342,0,53,149.0,108.0,99.0,109.0
IQ,342,0,54,3.0,190.0,155.0,-39.0
IQ,342,0,55,-87.0,-176.0,-164.0,-9.0
IQ,342,0,56,201.0,-33.0,58.0,159.0
IQ,342,0,57,87.0,-190.0,-78.0,155.0
IQ,342,0,58,178.0,128.0,180.0,19.0
IQ,342,0,59,-196.0,-116.0,-189.0,16.0
IQ,342,0,60,62.0,-226.0,-5.0,193.0
IQ,342,0,61,128.0,-208.0,95.0,177.0
IQ,342,0,62,247.0,57.0,193.0,-76.0
IQ,342,0,63,136.0,219.0,22.0,-214.0
IQ,342,0,64,-131.0,235.0,-208.0,-76.0
IQ,342,0,65,221.0,157.0,20.0,-224.0
IQ,342,0,66,157.0,233.0,-122.0,-198.0
IQ,342,0,67,0.0,0.0,0.0,0.0
IQ,342,0,68,0.0,0.0,0.0,0.0
IQ,342,0,69,86.0,-282.0,185.0,-158.0
IQ,342,0,70,-213.0,203.0,-12.0,243.0
IQ,342,0,71,290.0,33.0,-213.0,-115.0
IQ,342,0,72,-269.0,107.0,178.0,160.0
IQ,342,0,73,-195.0,207.0,145.0,186.0
IQ,342,0,74,202.0,-188.0,-189.0,-133.0
IQ,342,0,75,50.0,-266.0,-134.0,-183.0
IQ,342,0,76,-262.0,23.0,183.0,-121.0
CS,342,0,1,3.513,5.339,4.585,22,1346
IQ,343,0,2,-24.0,53.0,-85.0,22.0
IQ,343,0,3,-50.0,-27.0,33.0,80.0
IQ,343,0,4,-39.0,-43.0,64.0,57.0
IQ,343,0,5,-20.0,-55.0,84.0,26.0
IQ,343,0,6,-55.0,29.0,-34.0,84.0
IQ,343,0,7,48.0,41.0,-70.0,-64.0
IQ,343,0,8,-64.0,19.0,9.0,99.0
IQ,343,0,9,66.0,-24.0,-21.0,-102.0
IQ,343,0,10,13.0,-73.0,75.0,-78.0
IQ,343,0,11,-60.0,50.0,23.0,110.0
IQ,343,0,12,77.0,21.0,-115.0,-21.0
IQ,343,0,13,54.0,-63.0,-44.0,-112.0
IQ,343,0,14,56.0,67.0,-85.0,88.0
IQ,343,0,15,54.0,-69.0,-98.0,-78.0
IQ,343,0,16,62.0,63.0,-60.0,111.0
IQ,343,0,17,-55.0,-74.0,13.0,-127.0
IQ,343,0,18,-45.0,82.0,121.0,39.0
IQ,343,0,19,-94.0,12.0,83.0,-101.0
IQ,343,0,20,81.0,-49.0,-108.0,78.0
IQ,343,0,21,-75.0,67.0,117.0,-68.0
IQ,343,0,22,-86.0,54.0,72.0,-116.0
IQ,343,0,23,0.0,0.0,0.0,0.0
IQ,343,0,24,0.0,0.0,0.0,0.0
IQ,343,0,25,0.0,0.0,0.0,0.0
IQ,343,0,26,-59.0,95.0,13.0,-149.0
IQ,343,0,27,42.0,-106.0,-16.0,150.0
IQ,343,0,28,93.0,-69.0,109.0,106.0
IQ,343,0,29,-118.0,1.0,-154.0,-4.0
IQ,343,0,30,0.0,0.0,0.0,0.0
IQ,343,0,31,-43.0,-112.0,24.0,152.0
IQ,343,0,32,98.0,-70.0,152.0,-19.0
IQ,343,0,33,48.0,-108.0,149.0,12.0
IQ,343,0,34,-110.0,-45.0,20.0,148.0
IQ,343,0,35,116.0,14.0,-21.0,-147.0
IQ,343,0,36,0.0,0.0,0.0,0.0
IQ,343,0,37,30.0,-108.0,109.0,-86.0
IQ,343,0,38,-103.0,-38.0,108.0,79.0
IQ,343,0,39,71.0,-78.0,1.0,-132.0
IQ,343,0,40,103.0,17.0,-119.0,-47.0
IQ,343,0,41,-98.0,26.0,99.0,73.0
IQ,343,0,42,62.0,-78.0,-65.0,-103.0
IQ,343,0,43,90.0,-42.0,-104.0,-59.0
IQ,343,0,44,97.0,0.0,-117.0,9.0
IQ,343,0,45,74.0,61.0,-70.0,92.0
IQ,343,0,46,-73.0,-61.0,45.0,-103.0
IQ,343,0,47,62.0,72.0,-6.0,111.0
IQ,343,0,48,0.0,0.0,0.0,0.0
IQ,343,0,49,-89.0,-29.0,45.0,-101.0
IQ,343,0,50,-94.0,16.0,68.0,-85.0
IQ,343,0,51,0.0,0.0,0.0,0.0
IQ,343,0,52,0.0,0.0,0.0,0.0
IQ,343,0,53,-96.0,-13.0,-8.0,-112.0
IQ,343,0,54,0.0,0.0,0.0,0.0
IQ,343,0,55,88.0,50.0,77.0,86.0
IQ,343,0,56,-103.0,24.0,-6.0,-120.0
IQ,343,0,57,0.0,0.0,0.0,0.0
IQ,343,0,58,58.0,95.0,126.0,-18.0
IQ,343,0,59,94.0,70.0,132.0,10.0
IQ,343,0,60,-49.0,112.0,13.0,-138.0
IQ,343,0,61,63.0,-111.0,33.0,137.0
IQ,343,0,62,-49.0,121.0,-39.0,-143.0
IQ,343,0,63,-25.0,-134.0,-4.0,152.0
IQ,343,0,64,34.0,136.0,-12.0,-157.0
IQ,343,0,65,-138.0,44.0,-153.0,52.0
IQ,343,0,66,71.0,129.0,-57.0,-156.0
IQ,343,0,67,128.0,79.0,-24.0,-167.0
IQ,343,0,68,-150.0,37.0,-75.0,153.0
IQ,343,0,69,89.0,125.0,-156.0,-75.0
IQ,343,0,70,-25.0,-154.0,167.0,-42.0
IQ,343,0,71,145.0,-54.0,-57.0,-163.0
IQ,343,0,72,87.0,-124.0,-5.0,-171.0
IQ,343,0,73,90.0,-121.0,-52.0,-160.0
IQ,343,0,74,-77.0,124.0,69.0,149.0
IQ,343,0,75,-82.0,-119.0,71.0,-146.0
IQ,343,0,76,-7.0,-139.0,-47.0,-151.0
CS,343,0,1,4.780,5.612,4.136,16,883
IQ,344,0,2,0.0,0.0,0.0,0.0
IQ,344,0,3,0.0,0.0,0.0,0.0
IQ,344,0,4,0.0,0.0,0.0,0.0
IQ,344,0,5,0.0,0.0,0.0,0.0
IQ,344,0,6,55.0,62.0,-76.0,-51.0
IQ,344,0,7,0.0,0.0,0.0,0.0
IQ,344,0,8,0.0,0.0,0.0,0.0
IQ,344,0,9,0.0,0.0,0.0,0.0
IQ,344,0,10,0.0,0.0,0.0,0.0
IQ,344,0,11,0.0,0.0,0.0,0.0
IQ,344,0,12,0.0,0.0,0.0,0.0
IQ,344,0,13,0.0,0.0,0.0,0.0
IQ,344,0,14,0.0,0.0,0.0,0.0
IQ,344,0,15,0.0,0.0,0.0,0.0
IQ,344,0,16,0.0,0.0,0.0,0.0
IQ,344,0,17,0.0,0.0,0.0,0.0
IQ,344,0,18,0.0,0.0,0.0,0.0
IQ,344,0,19,0.0,0.0,0.0,0.0
IQ,344,0,20,107.0,81.0,43.0,126.0
IQ,344,0,21,-33.0,-133.0,-127.0,-48.0
IQ,344,0,22,58.0,126.0,130.0,43.0
IQ,344,0,23,0.0,0.0,0.0,0.0
IQ,344,0,24,0.0,0.0,0.0,0.0
IQ,344,0,25,0.0,0.0,0.0,0.0
IQ,344,0,26,-30.0,152.0,54.0,-139.0
IQ,344,0,27,-8.0,159.0,41.0,-147.0
IQ,344,0,28,128.0,99.0,128.0,-86.0
IQ,344,0,29,-38.0,-161.0,-12.0,154.0
IQ,344,0,30,18.0,164.0,-48.0,-146.0
IQ,344,0,31,-133.0,-101.0,-31.0,150.0
IQ,344,0,32,151.0,-69.0,132.0,-75.0
IQ,344,0,33,0.0,0.0,0.0,0.0
IQ,344,0,34,147.0,67.0,-34.0,-145.0
IQ,344,0,35,-70.0,144.0,-123.0,74.0
IQ,344,0,36,96.0,124.0,-132.0,-53.0
IQ,344,0,37,-139.0,69.0,14.0,138.0
IQ,344,0,38,0.0,0.0,0.0,0.0
IQ,344,0,39,19.0,-145.0,62.0,-113.0
IQ,344,0,40,104.0,96.0,-120.0,41.0
IQ,344,0,41,119.0,-73.0,-94.0,-79.0
IQ,344,0,42,110.0,-84.0,-89.0,-82.0
IQ,344,0,43,121.0,59.0,-101.0,60.0
IQ,344,0,44,-37.0,128.0,61.0,98.0
IQ,344,0,45,-105.0,-81.0,52.0,-102.0
IQ,344,0,46,-44.0,123.0,86.0,70.0
IQ,344,0,47,61.0,113.0,23.0,107.0
IQ,344,0,48,-32.0,126.0,99.0,47.0
IQ,344,0,49,-126.0,32.0,76.0,-78.0
IQ,344,0,50,-72.0,-109.0,-59.0,-93.0
IQ,344,0,51,-97.0,86.0,93.0,-57.0
IQ,344,0,52,-122.0,49.0,54.0,-97.0
IQ,344,0,53,-37.0,128.0,109.0,-21.0
IQ,344,0,54,105.0,-88.0,-57.0,98.0
IQ,344,0,55,-35.0,-137.0,-118.0,6.0
IQ,344,0,56,-124.0,-77.0,-102.0,-62.0
IQ,344,0,57,-119.0,-94.0,-119.0,-34.0
IQ,344,0,58,-157.0,8.0,-95.0,-90.0
IQ,344,0,59,117.0,-112.0,26.0,130.0
IQ,344,0,60,128.0,107.0,130.0,-45.0
IQ,344,0,61,163.0,-47.0,131.0,56.0
IQ,344,0,62,-179.0,-17.0,-146.0,20.0
IQ,344,0,63,0.0,0.0,0.0,0.0
IQ,344,0,64,155.0,-111.0,154.0,24.0
IQ,344,0,65,21.0,195.0,-105.0,-123.0
IQ,344,0,66,42.0,196.0,-127.0,-106.0
IQ,344,0,67,36.0,-202.0,168.0,16.0
IQ,344,0,68,176.0,-111.0,87.0,-149.0
IQ,344,0,69,-105.0,-183.0,169.0,36.0
IQ,344,0,70,206.0,48.0,-129.0,-118.0
IQ,344,0,71,-118.0,-175.0,168.0,-39.0
IQ,344,0,72,81.0,-191.0,-4.0,-172.0
IQ,344,0,73,187.0,-78.0,-145.0,-88.0
IQ,344,0,74,152.0,127.0,-123.0,110.0
IQ,344,0,75,-192.0,-18.0,143.0,-74.0
IQ,344,0,76,-17.0,186.0,105.0,117.0
CS,344,0,1,4.099,5.798,4.454,14,832
IQ,345,0,2,-5.0,-119.0,124.0,14.0
IQ,345,0,3,0.0,0.0,0.0,0.0
IQ,345,0,4,55.0,-97.0,95.0,-76.0
IQ,345,0,5,-114.0,-9.0,31.0,120.0
IQ,345,0,6,0.0,0.0,0.0,0.0
IQ,345,0,7,0.0,0.0,0.0,0.0
IQ,345,0,8,-112.0,-70.0,116.0,77.0
IQ,345,0,9,-85.0,110.0,-36.0,141.0
IQ,345,0,10,0.0,0.0,0.0,0.0
IQ,345,0,11,146.0,-34.0,-113.0,-112.0
IQ,345,0,12,58.0,-143.0,-6.0,-162.0
IQ,345,0,13,0.0,0.0,0.0,0.0
IQ,345,0,14,0.0,0.0,0.0,0.0
IQ,345,0,15,2.0,168.0,34.0,170.0
IQ,345,0,16,0.0,0.0,0.0,0.0
IQ,345,0,17,161.0,69.0,-77.0,163.0
IQ,345,0,18,-137.0,-114.0,7.0,-180.0
IQ,345,0,19,-156.0,-98.0,-10.0,-183.0
IQ,345,0,20,-186.0,-20.0,25.0,-184.0
IQ,345,0,21,-165.0,-95.0,-65.0,-178.0
IQ,345,0,22,62.0,183.0,187.0,33.0
IQ,345,0,23,0.0,0.0,0.0,0.0
IQ,345,0,24,0.0,0.0,0.0,0.0
IQ,345,0,25,0.0,0.0,0.0,0.0
IQ,345,0,26,40.0,-214.0,-63.0,199.0
IQ,345,0,27,-192.0,-113.0,-207.0,44.0
IQ,345,0,28,223.0,-40.0,208.0,37.0
IQ,345,0,29,0.0,0.0,0.0,0.0
IQ,345,0,30,63.0,222.0,-45.0,-211.0
IQ,345,0,31,-202.0,115.0,-213.0,37.0
IQ,345,0,32,152.0,-173.0,214.0,-20.0
IQ,345,0,33,50.0,-225.0,207.0,33.0
IQ,345,0,34,-133.0,-184.0,160.0,132.0
IQ,345,0,35,58.0,-217.0,186.0,-84.0
IQ,345,0,36,0.0,0.0,0.0,0.0
IQ,345,0,37,0.0,0.0,0.0,0.0
IQ,345,0,38,-130.0,163.0,-22.0,186.0
IQ,345,0,39,165.0,-124.0,-64.0,-171.0
IQ,345,0,40,99.0,-174.0,-19.0,-177.0
IQ,345,0,41,0.0,0.0,0.0,0.0
IQ,345,0,42,0.0,0.0,0.0,0.0
IQ,345,0,43,-165.0,-101.0,131.0,-99.0
IQ,345,0,44,0.0,0.0,0.0,0.0
IQ,345,0,45,142.0,-120.0,-158.0,-36.0
IQ,345,0,46,-74.0,-171.0,-41.0,-155.0
IQ,345,0,47,-61.0,173.0,143.0,65.0
IQ,345,0,48,-181.0,14.0,105.0,-114.0
IQ,345,0,49,-136.0,119.0,147.0,-49.0
IQ,345,0,50,53.0,173.0,121.0,96.0
IQ,345,0,51,177.0,31.0,1.0,154.0
IQ,345,0,52,12.0,-183.0,-155.0,-7.0
IQ,345,0,53,-67.0,-174.0,-147.0,-53.0
IQ,345,0,54,62.0,-181.0,-140.0,79.0
IQ,345,0,55,178.0,75.0,116.0,115.0
IQ,345,0,56,-194.0,-57.0,-114.0,-125.0
IQ,345,0,57,110.0,-179.0,-67.0,161.0
IQ,345,0,58,210.0,-54.0,94.0,154.0
IQ,345,0,59,-170.0,148.0,-61.0,-177.0
IQ,345,0,60,143.0,186.0,164.0,-105.0
IQ,345,0,61,116.0,-212.0,79.0,184.0
IQ,345,0,62,-247.0,-42.0,-198.0,50.0
IQ,345,0,63,-228.0,125.0,-213.0,-33.0
IQ,345,0,64,-90.0,250.0,-185.0,-122.0
IQ,345,0,65,-19.0,-275.0,167.0,153.0
IQ,345,0,66,-154.0,236.0,-231.0,15.0
IQ,345,0,67,128.0,-256.0,228.0,-54.0
IQ,345,0,68,237.0,167.0,-153.0,-184.0
IQ,345,0,69,-262.0,-134.0,181.0,160.0
IQ,345,0,70,292.0,-22.0,-124.0,-211.0
IQ,345,0,71,-219.0,194.0,47.0,236.0
IQ,345,0,72,217.0,188.0,-230.0,70.0
IQ,345,0,73,-272.0,-85.0,232.0,-46.0
IQ,345,0,74,175.0,-212.0,-162.0,-165.0
IQ,345,0,75,-265.0,56.0,221.0,-39.0
IQ,345,0,76,88.0,-247.0,-195.0,-100.0
CS,345,0,1,4.810,5.778,3.847,12,616
IQ,346,0,2,-17.0,111.0,-121.0,28.0
IQ,346,0,3,100.0,-50.0,47.0,-112.0
IQ,346,0,4,96.0,50.0,-65.0,-100.0
IQ,346,0,5,-103.0,46.0,-30.0,118.0
IQ,346,0,6,-8.0,-117.0,125.0,-21.0
IQ,346,0,7,-102.0,-70.0,109.0,76.0
IQ,346,0,8,91.0,94.0,-130.0,-46.0
IQ,346,0,9,-86.0,107.0,-42.0,139.0
IQ,346,0,10,-130.0,61.0,56.0,141.0
IQ,346,0,11,-21.0,150.0,-64.0,143.0
IQ,346,0,12,-12.0,156.0,-50.0,155.0
IQ,346,0,13,8.0,-161.0,25.0,-165.0
IQ,346,0,14,-55.0,157.0,61.0,159.0
IQ,346,0,15,-159.0,61.0,174.0,4.0
IQ,346,0,16,152.0,-81.0,-177.0,16.0
IQ,346,0,17,-162.0,-71.0,80.0,-160.0
IQ,346,0,18,174.0,-34.0,-131.0,123.0
IQ,346,0,19,-172.0,62.0,131.0,-129.0
IQ,346,0,20,96.0,161.0,127.0,135.0
IQ,346,0,21,0.0,0.0,0.0,0.0
IQ,346,0,22,0.0,0.0,0.0,0.0
IQ,346,0,23,0.0,0.0,0.0,0.0
IQ,346,0,24,0.0,0.0,0.0,0.0
IQ,346,0,25,0.0,0.0,0.0,0.0
IQ,346,0,26,0.0,0.0,0.0,0.0
IQ,346,0,27,-217.0,43.0,-188.0,-101.0
IQ,346,0,28,0.0,0.0,0.0,0.0
IQ,346,0,29,0.0,0.0,0.0,0.0
IQ,346,0,30,-106.0,-206.0,2.0,217.0
IQ,346,0,31,54.0,224.0,-108.0,-186.0
IQ,346,0,32,0.0,0.0,0.0,0.0
IQ,346,0,33,226.0,39.0,29.0,-210.0
IQ,346,0,34,-198.0,109.0,-125.0,166.0
IQ,346,0,35,-59.0,-215.0,199.0,35.0
IQ,346,0,36,-64.0,209.0,-155.0,124.0
IQ,346,0,37,201.0,68.0,-149.0,-122.0
IQ,346,0,38,88.0,-191.0,68.0,-176.0
IQ,346,0,39,201.0,-37.0,-130.0,-128.0
IQ,346,0,40,164.0,113.0,-173.0,31.0
IQ,346,0,41,123.0,-155.0,-87.0,-151.0
IQ,346,0,42,30.0,-192.0,-19.0,-167.0
IQ,346,0,43,78.0,172.0,-54.0,156.0
IQ,346,0,44,185.0,31.0,-145.0,75.0
IQ,346,0,45,-53.0,-178.0,-33.0,-157.0
IQ,346,0,46,-34.0,180.0,113.0,110.0
IQ,346,0,47,123.0,-132.0,-155.0,-15.0
IQ,346,0,48,143.0,-108.0,-149.0,44.0
IQ,346,0,49,-127.0,126.0,146.0,-38.0
IQ,346,0,50,171.0,55.0,-4.0,152.0
IQ,346,0,51,114.0,-142.0,-131.0,77.0
IQ,346,0,52,-70.0,167.0,146.0,-48.0
IQ,346,0,53,184.0,28.0,31.0,153.0
IQ,346,0,54,-179.0,66.0,23.0,-158.0
IQ,346,0,55,-28.0,-193.0,-160.0,33.0
IQ,346,0,56,90.0,-181.0,-89.0,144.0
IQ,346,0,57,-161.0,-133.0,-172.0,-28.0
IQ,346,0,58,67.0,-208.0,-74.0,165.0
IQ,346,0,59,189.0,-123.0,98.0,159.0
IQ,346,0,60,-227.0,-50.0,-193.0,-8.0
IQ,346,0,61,-207.0,126.0,-164.0,-117.0
IQ,346,0,62,-20.0,249.0,-47.0,-201.0
IQ,346,0,63,235.0,110.0,145.0,-157.0
IQ,346,0,64,42.0,264.0,-91.0,-200.0
IQ,346,0,65,263.0,82.0,92.0,-206.0
IQ,346,0,66,-157.0,233.0,-230.0,30.0
IQ,346,0,67,246.0,-151.0,161.0,-173.0
IQ,346,0,68,177.0,-231.0,181.0,-158.0
IQ,346,0,69,93.0,-280.0,189.0,-153.0
IQ,346,0,70,-15.0,-296.0,200.0,-137.0
IQ,346,0,71,287.0,52.0,-215.0,-113.0
IQ,346,0,72,-258.0,-131.0,238.0,-29.0
IQ,346,0,73,-282.0,36.0,230.0,52.0
IQ,346,0,74,0.0,0.0,0.0,0.0
IQ,346,0,75,81.0,256.0,10.0,224.0
IQ,346,0,76,253.0,64.0,-144.0,167.0
CS,346,0,1,4.790,5.476,4.418,19,1120
IQ,347,0,2,29.0,-76.0,81.0,-38.0
IQ,347,0,3,76.0,-26.0,18.0,-85.0
IQ,347,0,4,13.0,79.0,-85.0,1.0
IQ,347,0,5,-72.0,33.0,-15.0,86.0
IQ,347,0,6,82.0,2.0,-30.0,-85.0
IQ,347,0,7,-50.0,-72.0,90.0,19.0
IQ,347,0,8,-93.0,4.0,42.0,87.0
IQ,347,0,9,-89.0,-37.0,90.0,47.0
IQ,347,0,10,44.0,-92.0,32.0,-102.0
IQ,347,0,11,-101.0,32.0,73.0,84.0
IQ,347,0,12,-63.0,-90.0,86.0,-77.0
IQ,347,0,13,15.0,-113.0,-8.0,-118.0
IQ,347,0,14,106.0,48.0,-100.0,65.0
IQ,347,0,15,63.0,-103.0,-95.0,-78.0
IQ,347,0,16,-121.0,26.0,118.0,-38.0
IQ,347,0,17,61.0,108.0,30.0,122.0
IQ,347,0,18,-56.0,-114.0,-57.0,-116.0
IQ,347,0,19,28.0,-126.0,-127.0,-22.0
IQ,347,0,20,-57.0,120.0,128.0,-30.0
IQ,347,0,21,-136.0,-5.0,-2.0,-134.0
IQ,347,0,22,-138.0,18.0,-4.0,-136.0
IQ,347,0,23,0.0,0.0,0.0,0.0
IQ,347,0,24,0.0,0.0,0.0,0.0
IQ,347,0,25,0.0,0.0,0.0,0.0
IQ,347,0,26,-120.0,-99.0,-146.0,28.0
IQ,347,0,27,-154.0,-42.0,-151.0,0.0
IQ,347,0,28,-159.0,23.0,-148.0,-27.0
IQ,347,0,29,96.0,131.0,56.0,-143.0
IQ,347,0,30,131.0,101.0,59.0,-141.0
IQ,347,0,31,6.0,163.0,-103.0,-114.0
IQ,347,0,32,148.0,75.0,18.0,-151.0
IQ,347,0,33,-74.0,-147.0,112.0,100.0
IQ,347,0,34,-108.0,-121.0,105.0,103.0
IQ,347,0,35,149.0,55.0,-72.0,-126.0
IQ,347,0,36,18.0,-155.0,119.0,-73.0
IQ,347,0,37,144.0,43.0,-109.0,-81.0
IQ,347,0,38,80.0,123.0,-129.0,34.0
IQ,347,0,39,70.0,-132.0,19.0,-127.0
IQ,347,0,40,18.0,-142.0,32.0,-122.0
IQ,347,0,41,0.0,0.0,0.0,0.0
IQ,347,0,42,15.0,-138.0,-4.0,-122.0
IQ,347,0,43,0.0,0.0,0.0,0.0
IQ,347,0,44,49.0,123.0,-5.0,116.0
IQ,347,0,45,111.0,71.0,-59.0,98.0
IQ,347,0,46,-124.0,43.0,108.0,-28.0
IQ,347,0,47,124.0,35.0,-41.0,103.0
IQ,347,0,48,-91.0,-93.0,-15.0,-109.0
IQ,347,0,49,0.0,0.0,0.0,0.0
IQ,347,0,50,0.0,0.0,0.0,0.0
IQ,347,0,51,42.0,122.0,93.0,57.0
IQ,347,0,52,87.0,-100.0,-85.0,69.0
IQ,347,0,53,-18.0,-132.0,-113.0,-6.0
IQ,347,0,54,-41.0,-130.0,-115.0,-7.0
IQ,347,0,55,0.0,0.0,0.0,0.0
IQ,347,0,56,123.0,79.0,106.0,59.0
IQ,347,0,57,34.0,147.0,110.0,-59.0
IQ,347,0,58,-146.0,61.0,-58.0,-117.0
IQ,347,0,59,161.0,-1.0,117.0,63.0
IQ,347,0,60,0.0,0.0,0.0,0.0
IQ,347,0,61,-50.0,165.0,-45.0,-137.0
IQ,347,0,62,0.0,0.0,0.0,0.0
IQ,347,0,63,64.0,174.0,-13.0,-152.0
IQ,347,0,64,-4.0,-194.0,88.0,128.0
IQ,347,0,65,-154.0,-120.0,-6.0,161.0
IQ,347,0,66,20.0,-203.0,153.0,55.0
IQ,347,0,67,-175.0,-106.0,66.0,153.0
IQ,347,0,68,148.0,-145.0,104.0,-134.0
IQ,347,0,69,-54.0,203.0,-128.0,116.0
IQ,347,0,70,191.0,-84.0,-49.0,-166.0
IQ,347,0,71,91.0,187.0,-149.0,84.0
IQ,347,0,72,-197.0,-59.0,169.0,9.0
IQ,347,0,73,109.0,168.0,-98.0,136.0
IQ,347,0,74,-176.0,-89.0,130.0,-99.0
IQ,347,0,75,-172.0,84.0,160.0,14.0
IQ,347,0,76,88.0,-164.0,-143.0,-62.0
CS,347,0,1,4.821,5.670,3.436,19,871
IQ,348,0,2,8.0,-113.0,123.0,10.0
IQ,348,0,3,80.0,-76.0,87.0,-83.0
IQ,348,0,4,-53.0,-96.0,107.0,58.0
IQ,348,0,5,103.0,-48.0,52.0,-112.0
IQ,348,0,6,112.0,-31.0,13.0,-128.0
IQ,348,0,7,113.0,46.0,-78.0,-108.0
IQ,348,0,8,-130.0,-7.0,53.0,127.0
IQ,348,0,9,-124.0,57.0,23.0,144.0
IQ,348,0,10,141.0,-32.0,-70.0,-135.0
IQ,348,0,11,30.0,148.0,-124.0,99.0
IQ,348,0,12,-152.0,-31.0,156.0,39.0
IQ,348,0,13,161.0,8.0,-166.0,-15.0
IQ,348,0,14,0.0,0.0,0.0,0.0
IQ,348,0,15,141.0,92.0,-120.0,126.0
IQ,348,0,16,104.0,-138.0,-152.0,-90.0
IQ,348,0,17,7.0,178.0,101.0,147.0
IQ,348,0,18,-178.0,24.0,140.0,-113.0
IQ,348,0,19,-178.0,-37.0,53.0,-174.0
IQ,348,0,20,-186.0,-8.0,48.0,-179.0
IQ,348,0,21,-96.0,-164.0,-153.0,-113.0
IQ,348,0,22,-140.0,134.0,125.0,-145.0
IQ,348,0,23,0.0,0.0,0.0,0.0
IQ,348,0,24,0.0,0.0,0.0,0.0
IQ,348,0,25,0.0,0.0,0.0,0.0
IQ,348,0,26,-217.0,0.0,-174.0,-113.0
IQ,348,0,27,-219.0,-12.0,-197.0,-69.0
IQ,348,0,28,-222.0,-13.0,-209.0,-30.0
IQ,348,0,29,-11.0,226.0,-14.0,-213.0
IQ,348,0,30,-23.0,225.0,-102.0,-188.0
IQ,348,0,31,0.0,0.0,0.0,0.0
IQ,348,0,32,-215.0,84.0,-191.0,98.0
IQ,348,0,33,72.0,214.0,-158.0,-139.0
IQ,348,0,34,218.0,-54.0,93.0,-183.0
IQ,348,0,35,211.0,-68.0,65.0,-191.0
IQ,348,0,36,-38.0,214.0,-180.0,81.0
IQ,348,0,37,-145.0,-158.0,186.0,49.0
IQ,348,0,38,-150.0,-144.0,185.0,24.0
IQ,348,0,39,0.0,0.0,0.0,0.0
IQ,348,0,40,132.0,-151.0,-31.0,-175.0
IQ,348,0,41,-197.0,1.0,164.0,56.0
IQ,348,0,42,0.0,0.0,0.0,0.0
IQ,348,0,43,23.0,-190.0,-20.0,-165.0
IQ,348,0,44,0.0,0.0,0.0,0.0
IQ,348,0,45,-3.0,-186.0,-42.0,-157.0
IQ,348,0,46,180.0,-40.0,-149.0,58.0
IQ,348,0,47,41.0,178.0,68.0,145.0
IQ,348,0,48,-102.0,149.0,153.0,16.0
IQ,348,0,49,77.0,-163.0,-149.0,-30.0
IQ,348,0,50,-89.0,157.0,152.0,-3.0
IQ,348,0,51,183.0,14.0,-35.0,151.0
IQ,348,0,52,15.0,183.0,149.0,36.0
IQ,348,0,53,0.0,0.0,0.0,0.0
IQ,348,0,54,0.0,0.0,0.0,0.0
IQ,348,0,55,0.0,0.0,0.0,0.0
IQ,348,0,56,0.0,0.0,0.0,0.0
IQ,348,0,57,0.0,0.0,0.0,0.0
IQ,348,0,58,-143.0,-164.0,-180.0,16.0
IQ,348,0,59,0.0,0.0,0.0,0.0
IQ,348,0,60,0.0,0.0,0.0,0.0
IQ,348,0,61,0.0,0.0,0.0,0.0
IQ,348,0,62,0.0,0.0,0.0,0.0
IQ,348,0,63,0.0,0.0,0.0,0.0
IQ,348,0,64,0.0,0.0,0.0,0.0
IQ,348,0,65,0.0,0.0,0.0,0.0
IQ,348,0,66,0.0,0.0,0.0,0.0
IQ,348,0,67,283.0,-55.0,126.0,-202.0
IQ,348,0,68,0.0,0.0,0.0,0.0
IQ,348,0,69,178.0,-237.0,146.0,-195.0
IQ,348,0,70,0.0,0.0,0.0,0.0
IQ,348,0,71,-242.0,-170.0,238.0,47.0
IQ,348,0,72,67.0,-285.0,64.0,-234.0
IQ,348,0,73,6.0,-285.0,38.0,-237.0
IQ,348,0,74,-167.0,-223.0,143.0,-183.0
IQ,348,0,75,253.0,100.0,-167.0,153.0
IQ,348,0,76,228.0,-135.0,-221.0,2.0
CS,348,0,1,4.900,5.619,4.676,18,1123
IQ,349,0,2,0.0,0.0,0.0,0.0
IQ,349,0,3,0.0,0.0,0.0,0.0
IQ,349,0,4,0.0,0.0,0.0,0.0
IQ,349,0,5,0.0,0.0,0.0,0.0
IQ,349,0,6,0.0,0.0,0.0,0.0
IQ,349,0,7,0.0,0.0,0.0,0.0
IQ,349,0,8,-25.0,60.0,-76.0,58.0
IQ,349,0,9,0.0,0.0,0.0,0.0
IQ,349,0,10,38.0,-62.0,43.0,-97.0
IQ,349,0,11,0.0,0.0,0.0,0.0
IQ,349,0,12,0.0,0.0,0.0,0.0
IQ,349,0,13,0.0,0.0,0.0,0.0
IQ,349,0,14,0.0,0.0,0.0,0.0
IQ,349,0,15,0.0,0.0,0.0,0.0
IQ,349,0,16,0.0,0.0,0.0,0.0
IQ,349,0,17,0.0,0.0,0.0,0.0
IQ,349,0,18,0.0,0.0,0.0,0.0
IQ,349,0,19,0.0,0.0,0.0,0.0
IQ,349,0,20,-25.0,94.0,124.0,40.0
IQ,349,0,21,-58.0,76.0,126.0,-39.0
IQ,349,0,22,99.0,17.0,3.0,135.0
IQ,349,0,23,0.0,0.0,0.0,0.0
IQ,349,0,24,0.0,0.0,0.0,0.0
IQ,349,0,25,0.0,0.0,0.0,0.0
IQ,349,0,26,0.0,0.0,0.0,0.0
IQ,349,0,27,53.0,-100.0,-17.0,148.0
IQ,349,0,28,7.0,115.0,55.0,-142.0
IQ,349,0,29,0.0,0.0,0.0,0.0
IQ,349,0,30,0.0,0.0,0.0,0.0
IQ,349,0,31,-61.0,102.0,-126.0,-90.0
IQ,349,0,32,82.0,-87.0,150.0,22.0
IQ,349,0,33,1.0,118.0,-118.0,-93.0
IQ,349,0,34,-86.0,-79.0,46.0,141.0
IQ,349,0,35,75.0,88.0,-99.0,-108.0
IQ,349,0,36,-89.0,-69.0,92.0,106.0
IQ,349,0,37,-63.0,91.0,-87.0,107.0
IQ,349,0,38,-93.0,-58.0,115.0,70.0
IQ,349,0,39,75.0,76.0,-131.0,-6.0
IQ,349,0,40,-92.0,49.0,43.0,120.0
IQ,349,0,41,96.0,31.0,-122.0,-24.0
IQ,349,0,42,0.0,0.0,0.0,0.0
IQ,349,0,43,-94.0,36.0,99.0,68.0
IQ,349,0,44,-89.0,-43.0,106.0,-49.0
IQ,349,0,45,-88.0,43.0,109.0,36.0
IQ,349,0,46,95.0,-15.0,-114.0,18.0
IQ,349,0,47,-54.0,-79.0,10.0,-111.0
IQ,349,0,48,-62.0,72.0,108.0,22.0
IQ,349,0,49,88.0,33.0,-40.0,103.0
IQ,349,0,50,-1.0,-95.0,-91.0,-60.0
IQ,349,0,51,-44.0,-84.0,-58.0,-93.0
IQ,349,0,52,96.0,-3.0,-49.0,97.0
IQ,349,0,53,-98.0,6.0,30.0,-108.0
IQ,349,0,54,-88.0,47.0,65.0,-92.0
IQ,349,0,55,-101.0,15.0,-1.0,-116.0
IQ,349,0,56,36.0,-100.0,-103.0,64.0
IQ,349,0,57,110.0,-6.0,36.0,119.0
IQ,349,0,58,97.0,60.0,113.0,59.0
IQ,349,0,59,-14.0,-118.0,-111.0,77.0
IQ,349,0,60,78.0,94.0,133.0,-36.0
IQ,349,0,61,80.0,99.0,123.0,-73.0
IQ,349,0,62,123.0,-47.0,124.0,80.0
IQ,349,0,63,-39.0,131.0,-49.0,-146.0
IQ,349,0,64,126.0,-60.0,154.0,26.0
IQ,349,0,65,125.0,72.0,69.0,-146.0
IQ,349,0,66,93.0,-115.0,164.0,15.0
IQ,349,0,67,-33.0,-147.0,131.0,106.0
IQ,349,0,68,151.0,-24.0,70.0,-157.0
IQ,349,0,69,-103.0,116.0,-120.0,124.0
IQ,349,0,70,153.0,-24.0,-30.0,-170.0
IQ,349,0,71,105.0,112.0,-171.0,-29.0
IQ,349,0,72,-140.0,-61.0,159.0,61.0
IQ,349,0,73,7.0,-150.0,71.0,-151.0
IQ,349,0,74,121.0,-82.0,-118.0,-117.0
IQ,349,0,75,33.0,-140.0,-51.0,-153.0
IQ,349,0,76,140.0,0.0,-153.0,38.0
CS,349,0,1,3.806,5.601,4.259,17,966
IQ,350,0,2,0.0,0.0,0.0,0.0
IQ,350,0,3,0.0,0.0,0.0,0.0
IQ,350,0,4,34.0,-106.0,116.0,-25.0
IQ,350,0,5,76.0,83.0,-90.0,-82.0
IQ,350,0,6,41.0,-112.0,114.0,-50.0
IQ,350,0,7,104.0,63.0,-85.0,-97.0
IQ,350,0,8,-80.0,103.0,-79.0,111.0
IQ,350,0,9,0.0,0.0,0.0,0.0
IQ,350,0,10,0.0,0.0,0.0,0.0
IQ,350,0,11,0.0,0.0,0.0,0.0
IQ,350,0,12,0.0,0.0,0.0,0.0
IQ,350,0,13,0.0,0.0,0.0,0.0
IQ,350,0,14,0.0,0.0,0.0,0.0
IQ,350,0,15,0.0,0.0,0.0,0.0
IQ,350,0,16,174.0,-1.0,-168.0,43.0
IQ,350,0,17,0.0,0.0,0.0,0.0
IQ,350,0,18,0.0,0.0,0.0,0.0
IQ,350,0,19,0.0,0.0,0.0,0.0
IQ,350,0,20,98.0,163.0,83.0,162.0
IQ,350,0,21,173.0,-87.0,-138.0,129.0
IQ,350,0,22,200.0,-8.0,-29.0,190.0
IQ,350,0,23,0.0,0.0,0.0,0.0
IQ,350,0,24,0.0,0.0,0.0,0.0
IQ,350,0,25,0.0,0.0,0.0,0.0
IQ,350,0,26,201.0,92.0,195.0,68.0
IQ,350,0,27,-58.0,219.0,76.0,-196.0
IQ,350,0,28,-173.0,153.0,-104.0,-187.0
IQ,350,0,29,-6.0,234.0,37.0,-212.0
IQ,350,0,30,-175.0,159.0,-187.0,-106.0
IQ,350,0,31,169.0,166.0,82.0,-201.0
IQ,350,0,32,163.0,-174.0,212.0,35.0
IQ,350,0,33,33.0,-235.0,183.0,102.0
IQ,350,0,34,-162.0,167.0,-197.0,64.0
IQ,350,0,35,0.0,0.0,0.0,0.0
IQ,350,0,36,164.0,157.0,-145.0,-138.0
IQ,350,0,37,-125.0,185.0,-126.0,147.0
IQ,350,0,38,-219.0,-10.0,96.0,161.0
IQ,350,0,39,200.0,-66.0,-70.0,-171.0
IQ,350,0,40,12.0,208.0,-121.0,130.0
IQ,350,0,41,0.0,0.0,0.0,0.0
IQ,350,0,42,109.0,168.0,-142.0,96.0
IQ,350,0,43,-160.0,117.0,112.0,125.0
IQ,350,0,44,180.0,79.0,-148.0,72.0
IQ,350,0,45,-195.0,-2.0,158.0,-36.0
IQ,350,0,46,171.0,85.0,-112.0,112.0
IQ,350,0,47,-100.0,162.0,140.0,70.0
IQ,350,0,48,186.0,-33.0,-140.0,66.0
IQ,350,0,49,140.0,124.0,-15.0,153.0
IQ,350,0,50,180.0,-45.0,-116.0,101.0
IQ,350,0,51,188.0,-10.0,-74.0,133.0
IQ,350,0,52,-81.0,172.0,154.0,-10.0
IQ,350,0,53,-30.0,-192.0,-149.0,-53.0
IQ,350,0,54,191.0,-54.0,-51.0,152.0
IQ,350,0,55,-123.0,-161.0,-132.0,-96.0
IQ,350,0,56,0.0,0.0,0.0,0.0
IQ,350,0,57,-195.0,100.0,12.0,-174.0
IQ,350,0,58,-94.0,-208.0,-181.0,14.0
IQ,350,0,59,-71.0,226.0,98.0,-160.0
IQ,350,0,60,0.0,0.0,0.0,0.0
IQ,350,0,61,0.0,0.0,0.0,0.0
IQ,350,0,62,163.0,-210.0,95.0,183.0
IQ,350,0,63,-223.0,159.0,-183.0,-109.0
IQ,350,0,64,-265.0,-90.0,-179.0,132.0
IQ,350,0,65,0.0,0.0,0.0,0.0
IQ,350,0,66,112.0,272.0,-76.0,-219.0
IQ,350,0,67,124.0,-278.0,234.0,31.0
IQ,350,0,68,0.0,0.0,0.0,0.0
IQ,350,0,69,-286.0,115.0,-98.0,222.0
IQ,350,0,70,216.0,221.0,-206.0,-129.0
IQ,350,0,71,233.0,-202.0,3.0,-242.0
IQ,350,0,72,-147.0,-266.0,231.0,-67.0
IQ,350,0,73,-149.0,-263.0,198.0,-129.0
IQ,350,0,74,-287.0,-66.0,231.0,6.0
IQ,350,0,75,0.0,0.0,0.0,0.0
IQ,350,0,76,247.0,-125.0,-218.0,-32.0
CS,350,0,1,4.391,5.554,4.232,17,960
IQ,351,0,2,0.0,0.0,0.0,0.0
IQ,351,0,3,0.0,0.0,0.0,0.0
IQ,351,0,4,0.0,0.0,0.0,0.0
IQ,351,0,5,0.0,0.0,0.0,0.0
IQ,351,0,6,27.0,77.0,-89.0,-3.0
IQ,351,0,7,0.0,0.0,0.0,0.0
IQ,351,0,8,0.0,0.0,0.0,0.0
IQ,351,0,9,0.0,0.0,0.0,0.0
IQ,351,0,10,0.0,0.0,0.0,0.0
IQ,351,0,11,0.0,0.0,0.0,0.0
IQ,351,0,12,0.0,0.0,0.0,0.0
IQ,351,0,13,0.0,0.0,0.0,0.0
IQ,351,0,14,0.0,0.0,0.0,0.0
IQ,351,0,15,0.0,0.0,0.0,0.0
IQ,351,0,16,0.0,0.0,0.0,0.0
IQ,351,0,17,0.0,0.0,0.0,0.0
IQ,351,0,18,0.0,0.0,0.0,0.0
IQ,351,0,19,0.0,0.0,0.0,0.0
IQ,351,0,20,-38.0,-127.0,-113.0,-68.0
IQ,351,0,21,-36.0,129.0,128.0,-34.0
IQ,351,0,22,56.0,126.0,132.0,32.0
IQ,351,0,23,0.0,0.0,0.0,0.0
IQ,351,0,24,0.0,0.0,0.0,0.0
IQ,351,0,25,0.0,0.0,0.0,0.0
IQ,351,0,26,56.0,-145.0,-25.0,143.0
IQ,351,0,27,157.0,-5.0,140.0,54.0
IQ,351,0,28,0.0,0.0,0.0,0.0
IQ,351,0,29,-158.0,35.0,-152.0,1.0
IQ,351,0,30,110.0,122.0,36.0,-149.0
IQ,351,0,31,157.0,-50.0,140.0,-55.0
IQ,351,0,32,163.0,20.0,77.0,-129.0
IQ,351,0,33,129.0,-102.0,125.0,-83.0
IQ,351,0,34,109.0,118.0,-107.0,-101.0
IQ,351,0,35,-128.0,95.0,-74.0,124.0
IQ,351,0,36,-149.0,49.0,2.0,140.0
IQ,351,0,37,-48.0,146.0,-97.0,98.0
IQ,351,0,38,-141.0,-52.0,123.0,51.0
IQ,351,0,39,71.0,-128.0,11.0,-130.0
IQ,351,0,40,142.0,21.0,-122.0,-36.0
IQ,351,0,41,50.0,-133.0,-22.0,-121.0
IQ,351,0,42,-19.0,138.0,-5.0,121.0
IQ,351,0,43,79.0,113.0,-55.0,106.0
IQ,351,0,44,98.0,-93.0,-104.0,-52.0
IQ,351,0,45,-103.0,-86.0,35.0,-111.0
IQ,351,0,46,-85.0,-102.0,1.0,-115.0
IQ,351,0,47,-40.0,-125.0,-64.0,-92.0
IQ,351,0,48,108.0,69.0,0.0,114.0
IQ,351,0,49,-78.0,-104.0,-51.0,-96.0
IQ,351,0,50,-97.0,85.0,101.0,-54.0
IQ,351,0,51,-125.0,-30.0,-19.0,-109.0
IQ,351,0,52,-52.0,120.0,103.0,-37.0
IQ,351,0,53,13.0,133.0,112.0,-2.0
IQ,351,0,54,-80.0,112.0,78.0,-82.0
IQ,351,0,55,136.0,30.0,67.0,94.0
IQ,351,0,56,106.0,96.0,112.0,40.0
IQ,351,0,57,48.0,144.0,117.0,-40.0
IQ,351,0,58,-102.0,-118.0,-128.0,26.0
IQ,351,0,59,-48.0,155.0,13.0,-129.0
IQ,351,0,60,-166.0,-23.0,-136.0,-14.0
IQ,351,0,61,-41.0,-168.0,-39.0,134.0
IQ,351,0,62,137.0,114.0,94.0,-117.0
IQ,351,0,63,82.0,165.0,0.0,-153.0
IQ,351,0,64,167.0,91.0,67.0,-142.0
IQ,351,0,65,-47.0,-190.0,93.0,131.0
IQ,351,0,66,-99.0,-176.0,97.0,133.0
IQ,351,0,67,162.0,126.0,-72.0,-154.0
IQ,351,0,68,-71.0,-196.0,165.0,44.0
IQ,351,0,69,55.0,-203.0,138.0,-103.0
IQ,351,0,70,94.0,-188.0,74.0,-158.0
IQ,351,0,71,160.0,134.0,-173.0,16.0
IQ,351,0,72,-181.0,100.0,114.0,127.0
IQ,351,0,73,-109.0,-173.0,99.0,-135.0
IQ,351,0,74,180.0,82.0,-139.0,90.0
IQ,351,0,75,-138.0,-139.0,54.0,-154.0
IQ,351,0,76,-131.0,135.0,155.0,20.0
CS,351,0,1,4.099,5.615,4.319,16,922
IQ,352,0,2,-66.0,91.0,-103.0,68.0
IQ,352,0,3,65.0,88.0,-93.0,-77.0
IQ,352,0,4,-109.0,-8.0,17.0,117.0
IQ,352,0,5,-14.0,110.0,-117.0,26.0
IQ,352,0,6,78.0,84.0,-104.0,-70.0
IQ,352,0,7,-94.0,76.0,-53.0,119.0
IQ,352,0,8,26.0,125.0,-135.0,24.0
IQ,352,0,9,42.0,-127.0,87.0,-112.0
IQ,352,0,10,66.0,-124.0,51.0,-139.0
IQ,352,0,11,98.0,-109.0,-13.0,-155.0
IQ,352,0,12,-155.0,-9.0,141.0,73.0
IQ,352,0,13,160.0,14.0,-164.0,-17.0
IQ,352,0,14,-121.0,110.0,120.0,113.0
IQ,352,0,15,-148.0,-77.0,138.0,-100.0
IQ,352,0,16,81.0,149.0,-24.0,171.0
IQ,352,0,17,83.0,-152.0,-158.0,-78.0
IQ,352,0,18,-174.0,-32.0,106.0,-142.0
IQ,352,0,19,119.0,131.0,45.0,174.0
IQ,352,0,20,-160.0,91.0,150.0,-104.0
IQ,352,0,21,93.0,-165.0,-178.0,56.0
IQ,352,0,22,-186.0,50.0,38.0,-186.0
IQ,352,0,23,0.0,0.0,0.0,0.0
IQ,352,0,24,0.0,0.0,0.0,0.0
IQ,352,0,25,0.0,0.0,0.0,0.0
IQ,352,0,26,-167.0,134.0,-54.0,-199.0
IQ,352,0,27,-52.0,215.0,40.0,-206.0
IQ,352,0,28,-206.0,93.0,-177.0,-119.0
IQ,352,0,29,0.0,0.0,0.0,0.0
IQ,352,0,30,0.0,0.0,0.0,0.0
IQ,352,0,31,-167.0,-159.0,-34.0,214.0
IQ,352,0,32,-202.0,115.0,-203.0,62.0
IQ,352,0,33,29.0,-226.0,199.0,75.0
IQ,352,0,34,187.0,-129.0,158.0,-134.0
IQ,352,0,35,-176.0,138.0,-141.0,147.0
IQ,352,0,36,164.0,146.0,-159.0,-120.0
IQ,352,0,37,-169.0,135.0,-35.0,192.0
IQ,352,0,38,-210.0,33.0,91.0,163.0
IQ,352,0,39,194.0,-73.0,-86.0,-163.0
IQ,352,0,40,-139.0,-150.0,166.0,-68.0
IQ,352,0,41,-139.0,-141.0,160.0,-70.0
IQ,352,0,42,-190.0,-46.0,170.0,-13.0
IQ,352,0,43,-28.0,-191.0,22.0,-167.0
IQ,352,0,44,-170.0,83.0,159.0,47.0
IQ,352,0,45,-43.0,183.0,92.0,134.0
IQ,352,0,46,-68.0,172.0,130.0,94.0
IQ,352,0,47,180.0,31.0,-97.0,126.0
IQ,352,0,48,-184.0,-21.0,86.0,-127.0
IQ,352,0,49,-137.0,119.0,146.0,-52.0
IQ,352,0,50,-167.0,70.0,111.0,-107.0
IQ,352,0,51,-65.0,-171.0,-122.0,-93.0
IQ,352,0,52,-131.0,132.0,133.0,-81.0
IQ,352,0,53,184.0,34.0,19.0,154.0
IQ,352,0,54,135.0,-134.0,-101.0,123.0
IQ,352,0,55,-195.0,24.0,-34.0,-160.0
IQ,352,0,56,109.0,169.0,165.0,32.0
IQ,352,0,57,78.0,-194.0,-94.0,146.0
IQ,352,0,58,-13.0,-215.0,-136.0,118.0
IQ,352,0,59,-190.0,118.0,-77.0,-169.0
IQ,352,0,60,-201.0,-119.0,-191.0,23.0
IQ,352,0,61,-222.0,-98.0,-194.0,47.0
IQ,352,0,62,-39.0,-245.0,-23.0,204.0
IQ,352,0,63,198.0,-168.0,195.0,86.0
IQ,352,0,64,260.0,-45.0,206.0,-75.0
IQ,352,0,65,229.0,150.0,61.0,-217.0
IQ,352,0,66,139.0,244.0,-105.0,-207.0
IQ,352,0,67,282.0,44.0,25.0,-235.0
IQ,352,0,68,246.0,-157.0,138.0,-195.0
IQ,352,0,69,291.0,12.0,-64.0,-234.0
IQ,352,0,70,-261.0,-136.0,212.0,118.0
IQ,352,0,71,-7.0,-294.0,168.0,-175.0
IQ,352,0,72,-285.0,-46.0,226.0,77.0
IQ,352,0,73,-276.0,74.0,209.0,110.0
IQ,352,0,74,-277.0,-28.0,228.0,-41.0
IQ,352,0,75,110.0,247.0,-43.0,222.0
IQ,352,0,76,-153.0,-216.0,17.0,-222.0
CS,352,0,1,4.817,5.480,5.329,20,1422
IQ,353,0,2,-111.0,-14.0,14.0,123.0
IQ,353,0,3,95.0,-52.0,48.0,-109.0
IQ,353,0,4,0.0,108.0,-118.0,5.0
IQ,353,0,5,106.0,-32.0,13.0,-118.0
IQ,353,0,6,-110.0,30.0,-13.0,122.0
IQ,353,0,7,24.0,-117.0,115.0,-58.0
IQ,353,0,8,-20.0,-124.0,131.0,-39.0
IQ,353,0,9,29.0,128.0,-134.0,50.0
IQ,353,0,10,-135.0,-43.0,133.0,66.0
IQ,353,0,11,-104.0,103.0,18.0,152.0
IQ,353,0,12,-35.0,-149.0,97.0,-126.0
IQ,353,0,13,141.0,-66.0,-133.0,-94.0
IQ,353,0,14,161.0,11.0,-166.0,8.0
IQ,353,0,15,29.0,163.0,6.0,168.0
IQ,353,0,16,119.0,-119.0,-161.0,-60.0
IQ,353,0,17,13.0,172.0,99.0,143.0
IQ,353,0,18,168.0,54.0,-78.0,159.0
IQ,353,0,19,-38.0,176.0,173.0,50.0
IQ,353,0,20,145.0,-113.0,-156.0,95.0
IQ,353,0,21,60.0,-179.0,-183.0,30.0
IQ,353,0,22,84.0,-174.0,-171.0,83.0
IQ,353,0,23,0.0,0.0,0.0,0.0
IQ,353,0,24,0.0,0.0,0.0,0.0
IQ,353,0,25,0.0,0.0,0.0,0.0
IQ,353,0,26,203.0,68.0,195.0,67.0
IQ,353,0,27,5.0,220.0,90.0,-189.0
IQ,353,0,28,-223.0,-27.0,-213.0,-5.0
IQ,353,0,29,216.0,-77.0,206.0,58.0
IQ,353,0,30,0.0,0.0,0.0,0.0
IQ,353,0,31,-4.0,231.0,-138.0,-166.0
IQ,353,0,32,-230.0,-30.0,-113.0,182.0
IQ,353,0,33,103.0,204.0,-130.0,-167.0
IQ,353,0,34,32.0,225.0,-194.0,-73.0
IQ,353,0,35,208.0,76.0,-77.0,-189.0
IQ,353,0,36,-2.0,220.0,-188.0,66.0
IQ,353,0,37,-101.0,-190.0,194.0,5.0
IQ,353,0,38,-197.0,-72.0,160.0,99.0
IQ,353,0,39,-207.0,10.0,142.0,116.0
IQ,353,0,40,187.0,73.0,-178.0,-25.0
IQ,353,0,41,199.0,1.0,-169.0,-47.0
IQ,353,0,42,-109.0,163.0,63.0,159.0
IQ,353,0,43,128.0,143.0,-106.0,131.0
IQ,353,0,44,187.0,37.0,-149.0,71.0
IQ,353,0,45,59.0,176.0,17.0,161.0
IQ,353,0,46,169.0,-79.0,-158.0,25.0
IQ,353,0,47,60.0,171.0,62.0,143.0
IQ,353,0,48,62.0,171.0,75.0,135.0
IQ,353,0,49,20.0,180.0,123.0,94.0
IQ,353,0,50,104.0,-147.0,-152.0,32.0
IQ,353,0,51,-38.0,177.0,152.0,4.0
IQ,353,0,52,-183.0,9.0,38.0,-151.0
IQ,353,0,53,-90.0,164.0,138.0,-73.0
IQ,353,0,54,-184.0,-49.0,-64.0,-148.0
IQ,353,0,55,-26.0,-195.0,-163.0,16.0
IQ,353,0,56,-187.0,-82.0,-127.0,-113.0
IQ,353,0,57,-139.0,-162.0,-175.0,-17.0
IQ,353,0,58,88.0,-200.0,-76.0,164.0
IQ,353,0,59,205.0,-95.0,109.0,153.0
IQ,353,0,60,1.0,233.0,78.0,-178.0
IQ,353,0,61,-242.0,-12.0,-199.0,-30.0
IQ,353,0,62,234.0,-92.0,201.0,58.0
IQ,353,0,63,259.0,18.0,196.0,-87.0
IQ,353,0,64,-133.0,232.0,-197.0,-103.0
IQ,353,0,65,258.0,-93.0,198.0,-110.0
IQ,353,0,66,205.0,-195.0,224.0,-57.0
IQ,353,0,67,242.0,-151.0,172.0,-164.0
IQ,353,0,68,92.0,276.0,-232.0,-74.0
IQ,353,0,69,88.0,-283.0,207.0,-132.0
IQ,353,0,70,-294.0,-33.0,159.0,186.0
IQ,353,0,71,-168.0,-242.0,235.0,-66.0
IQ,353,0,72,158.0,245.0,-206.0,127.0
IQ,353,0,73,-182.0,-222.0,183.0,-151.0
IQ,353,0,74,-269.0,84.0,231.0,37.0
IQ,353,0,75,-271.0,-23.0,208.0,-91.0
IQ,353,0,76,233.0,123.0,-107.0,196.0
CS,353,0,1,4.819,5.501,4.842,20,1292
IQ,354,0,2,-12.0,-78.0,119.0,28.0
IQ,354,0,3,0.0,0.0,0.0,0.0
IQ,354,0,4,70.0,-33.0,49.0,-106.0
IQ,354,0,5,78.0,-2.0,-6.0,-120.0
IQ,354,0,6,-67.0,47.0,-51.0,112.0
IQ,354,0,7,-64.0,-58.0,109.0,70.0
IQ,354,0,8,-22.0,-89.0,132.0,-27.0
IQ,354,0,9,-88.0,-38.0,112.0,84.0
IQ,354,0,10,101.0,-10.0,-81.0,-124.0
IQ,354,0,11,86.0,-61.0,-51.0,-146.0
IQ,354,0,12,-39.0,101.0,-5.0,160.0
IQ,354,0,13,47.0,101.0,-103.0,128.0
IQ,354,0,14,44.0,109.0,-68.0,154.0
IQ,354,0,15,2.0,-118.0,-43.0,-166.0
IQ,354,0,16,28.0,118.0,27.0,171.0
IQ,354,0,17,-44.0,-117.0,-44.0,-169.0
IQ,354,0,18,110.0,-61.0,-168.0,56.0
IQ,354,0,19,27.0,127.0,122.0,134.0
IQ,354,0,20,-120.0,55.0,134.0,-124.0
IQ,354,0,21,-135.0,16.0,55.0,-180.0
IQ,354,0,22,138.0,11.0,2.0,194.0
IQ,354,0,23,0.0,0.0,0.0,0.0
IQ,354,0,24,0.0,0.0,0.0,0.0
IQ,354,0,25,0.0,0.0,0.0,0.0
IQ,354,0,26,102.0,116.0,204.0,-36.0
IQ,354,0,27,-61.0,147.0,4.0,-212.0
IQ,354,0,28,58.0,-150.0,48.0,209.0
IQ,354,0,29,20.0,163.0,14.0,-216.0
IQ,354,0,30,-130.0,101.0,-204.0,-70.0
IQ,354,0,31,134.0,99.0,64.0,-209.0
IQ,354,0,32,124.0,-108.0,210.0,-31.0
IQ,354,0,33,-132.0,97.0,-191.0,94.0
IQ,354,0,34,-113.0,-118.0,111.0,178.0
IQ,354,0,35,-74.0,142.0,-179.0,99.0
IQ,354,0,36,103.0,-119.0,100.0,-174.0
IQ,354,0,37,-26.0,152.0,-153.0,122.0
IQ,354,0,38,128.0,-83.0,-32.0,-189.0
IQ,354,0,39,6.0,-148.0,112.0,-146.0
IQ,354,0,40,17.0,-145.0,58.0,-169.0
IQ,354,0,41,-74.0,-121.0,127.0,-123.0
IQ,354,0,42,0.0,0.0,0.0,0.0
IQ,354,0,43,-91.0,-105.0,110.0,-126.0
IQ,354,0,44,50.0,-126.0,-80.0,-146.0
IQ,354,0,45,116.0,-66.0,-162.0,-21.0
IQ,354,0,46,48.0,-124.0,-122.0,-103.0
IQ,354,0,47,130.0,-14.0,-129.0,89.0
IQ,354,0,48,104.0,76.0,-23.0,153.0
IQ,354,0,49,92.0,-91.0,-150.0,33.0
IQ,354,0,50,7.0,-129.0,-143.0,-54.0
IQ,354,0,51,-104.0,78.0,126.0,-90.0
IQ,354,0,52,130.0,14.0,-18.0,152.0
IQ,354,0,53,-123.0,51.0,63.0,-143.0
IQ,354,0,54,0.0,0.0,0.0,0.0
IQ,354,0,55,119.0,71.0,116.0,114.0
IQ,354,0,56,-116.0,-86.0,-150.0,-83.0
IQ,354,0,57,0.0,0.0,0.0,0.0
IQ,354,0,58,31.0,-153.0,-104.0,148.0
IQ,354,0,59,-80.0,142.0,1.0,-187.0
IQ,354,0,60,104.0,131.0,167.0,-96.0
IQ,354,0,61,0.0,0.0,0.0,0.0
IQ,354,0,62,0.0,0.0,0.0,0.0
IQ,354,0,63,0.0,0.0,0.0,0.0
IQ,354,0,64,0.0,0.0,0.0,0.0
IQ,354,0,65,28.0,194.0,-113.0,-196.0
IQ,354,0,66,-137.0,148.0,-230.0,33.0
IQ,354,0,67,127.0,-160.0,214.0,-100.0
IQ,354,0,68,0.0,0.0,0.0,0.0
IQ,354,0,69,194.0,-83.0,27.0,-241.0
IQ,354,0,70,174.0,117.0,-216.0,-111.0
IQ,354,0,71,-192.0,-82.0,228.0,74.0
IQ,354,0,72,-122.0,-168.0,207.0,-118.0
IQ,354,0,73,-16.0,202.0,-31.0,232.0
IQ,354,0,74,191.0,51.0,-225.0,57.0
IQ,354,0,75,0.0,0.0,0.0,0.0
IQ,354,0,76,-119.0,146.0,209.0,65.0
CS,354,0,1,4.684,5.634,3.262,21,914
IQ,355,0,2,0.0,0.0,0.0,0.0
IQ,355,0,3,0.0,0.0,0.0,0.0
IQ,355,0,4,11.0,76.0,-85.0,-3.0
IQ,355,0,5,0.0,0.0,0.0,0.0
IQ,355,0,6,53.0,-63.0,55.0,-69.0
IQ,355,0,7,0.0,0.0,0.0,0.0
IQ,355,0,8,0.0,0.0,0.0,0.0
IQ,355,0,9,0.0,0.0,0.0,0.0
IQ,355,0,10,0.0,0.0,0.0,0.0
IQ,355,0,11,0.0,0.0,0.0,0.0
IQ,355,0,12,0.0,0.0,0.0,0.0
IQ,355,0,13,0.0,0.0,0.0,0.0
IQ,355,0,14,0.0,0.0,0.0,0.0
IQ,355,0,15,0.0,0.0,0.0,0.0
IQ,355,0,16,0.0,0.0,0.0,0.0
IQ,355,0,17,-124.0,-7.0,94.0,-82.0
IQ,355,0,18,0.0,0.0,0.0,0.0
IQ,355,0,19,0.0,0.0,0.0,0.0
IQ,355,0,20,54.0,121.0,91.0,94.0
IQ,355,0,21,26.0,133.0,125.0,45.0
IQ,355,0,22,-10.0,-140.0,-136.0,-4.0
IQ,355,0,23,0.0,0.0,0.0,0.0
IQ,355,0,24,0.0,0.0,0.0,0.0
IQ,355,0,25,0.0,0.0,0.0,0.0
IQ,355,0,26,-15.0,-157.0,-90.0,116.0
IQ,355,0,27,-47.0,-152.0,-93.0,118.0
IQ,355,0,28,-9.0,-162.0,-32.0,149.0
IQ,355,0,29,105.0,126.0,80.0,-132.0
IQ,355,0,30,-98.0,-134.0,-43.0,149.0
IQ,355,0,31,-61.0,153.0,-137.0,-72.0
IQ,355,0,32,124.0,111.0,-10.0,-153.0
IQ,355,0,33,86.0,142.0,-92.0,-121.0
IQ,355,0,34,-116.0,-116.0,83.0,124.0
IQ,355,0,35,131.0,96.0,-98.0,-109.0
IQ,355,0,36,-126.0,-96.0,113.0,85.0
IQ,355,0,37,-22.0,153.0,-115.0,77.0
IQ,355,0,38,-61.0,-140.0,132.0,-33.0
IQ,355,0,39,11.0,-149.0,74.0,-110.0
IQ,355,0,40,-8.0,146.0,-54.0,118.0
IQ,355,0,41,-135.0,44.0,102.0,71.0
IQ,355,0,42,-97.0,-104.0,95.0,-80.0
IQ,355,0,43,-69.0,121.0,68.0,101.0
IQ,355,0,44,-37.0,-134.0,-1.0,-119.0
IQ,355,0,45,125.0,-49.0,-116.0,8.0
IQ,355,0,46,31.0,-130.0,-82.0,-82.0
IQ,355,0,47,128.0,-31.0,-99.0,60.0
IQ,355,0,48,101.0,-83.0,-110.0,27.0
IQ,355,0,49,-118.0,53.0,90.0,-68.0
IQ,355,0,50,-48.0,120.0,109.0,1.0
IQ,355,0,51,-61.0,-117.0,-88.0,-68.0
IQ,355,0,52,107.0,-76.0,-72.0,83.0
IQ,355,0,53,46.0,-125.0,-101.0,47.0
IQ,355,0,54,0.0,0.0,0.0,0.0
IQ,355,0,55,0.0,0.0,0.0,0.0
IQ,355,0,56,87.0,115.0,116.0,28.0
IQ,355,0,57,-76.0,-130.0,-124.0,10.0
IQ,355,0,58,-67.0,138.0,36.0,-122.0
IQ,355,0,59,-102.0,-125.0,-127.0,40.0
IQ,355,0,60,-153.0,-66.0,-138.0,5.0
IQ,355,0,61,175.0,-1.0,139.0,27.0
IQ,355,0,62,173.0,42.0,142.0,-45.0
IQ,355,0,63,-159.0,94.0,-150.0,-27.0
IQ,355,0,64,-175.0,-78.0,-94.0,127.0
IQ,355,0,65,-174.0,87.0,-154.0,51.0
IQ,355,0,66,-152.0,-133.0,28.0,162.0
IQ,355,0,67,206.0,0.0,40.0,-164.0
IQ,355,0,68,83.0,192.0,-154.0,-77.0
IQ,355,0,69,-209.0,25.0,25.0,170.0
IQ,355,0,70,50.0,205.0,-164.0,62.0
IQ,355,0,71,-39.0,206.0,-91.0,148.0
IQ,355,0,72,196.0,-69.0,-121.0,-122.0
IQ,355,0,73,204.0,-9.0,-166.0,-37.0
IQ,355,0,74,200.0,-5.0,-166.0,7.0
IQ,355,0,75,179.0,77.0,-121.0,109.0
IQ,355,0,76,-167.0,91.0,157.0,-18.0
CS,355,0,1,4.099,5.729,4.165,14,778
IQ,356,0,2,0.0,0.0,0.0,0.0
IQ,356,0,3,0.0,0.0,0.0,0.0
IQ,356,0,4,0.0,0.0,0.0,0.0
IQ,356,0,5,0.0,0.0,0.0,0.0
IQ,356,0,6,-58.0,14.0,-14.0,90.0
IQ,356,0,7,0.0,0.0,0.0,0.0
IQ,356,0,8,-67.0,7.0,16.0,98.0
IQ,356,0,9,0.0,0.0,0.0,0.0
IQ,356,0,10,24.0,70.0,-105.0,30.0
IQ,356,0,11,0.0,0.0,0.0,0.0
IQ,356,0,12,0.0,0.0,0.0,0.0
IQ,356,0,13,-59.0,-59.0,106.0,-55.0
IQ,356,0,14,-26.0,-83.0,54.0,-111.0
IQ,356,0,15,0.0,0.0,0.0,0.0
IQ,356,0,16,-73.0,50.0,118.0,41.0
IQ,356,0,17,-89.0,10.0,117.0,-50.0
IQ,356,0,18,78.0,-50.0,-130.0,12.0
IQ,356,0,19,-44.0,83.0,129.0,22.0
IQ,356,0,20,-95.0,26.0,95.0,-92.0
IQ,356,0,21,-64.0,-76.0,-79.0,-111.0
IQ,356,0,22,101.0,3.0,-4.0,136.0
IQ,356,0,23,0.0,0.0,0.0,0.0
IQ,356,0,24,0.0,0.0,0.0,0.0
IQ,356,0,25,0.0,0.0,0.0,0.0
IQ,356,0,26,100.0,-52.0,42.0,142.0
IQ,356,0,27,-56.0,-101.0,-130.0,79.0
IQ,356,0,28,107.0,49.0,152.0,-22.0
IQ,356,0,29,-37.0,113.0,-43.0,-150.0
IQ,356,0,30,-17.0,118.0,-56.0,-146.0
IQ,356,0,31,-107.0,58.0,-155.0,-8.0
IQ,356,0,32,-44.0,112.0,-134.0,-78.0
IQ,356,0,33,118.0,17.0,71.0,-134.0
IQ,356,0,34,-5.0,118.0,-140.0,-54.0
IQ,356,0,35,-5.0,115.0,-144.0,-18.0
IQ,356,0,36,47.0,103.0,-134.0,-51.0
IQ,356,0,37,20.0,-111.0,123.0,-64.0
IQ,356,0,38,109.0,4.0,-66.0,-118.0
IQ,356,0,39,108.0,12.0,-100.0,-87.0
IQ,356,0,40,-52.0,-93.0,118.0,-49.0
IQ,356,0,41,-102.0,-23.0,125.0,23.0
IQ,356,0,42,-33.0,97.0,1.0,122.0
IQ,356,0,43,-95.0,-38.0,117.0,-29.0
IQ,356,0,44,-21.0,-97.0,17.0,-117.0
IQ,356,0,45,-96.0,28.0,118.0,6.0
IQ,356,0,46,25.0,94.0,11.0,114.0
IQ,356,0,47,25.0,-93.0,-81.0,-77.0
IQ,356,0,48,49.0,82.0,14.0,110.0
IQ,356,0,49,0.0,0.0,0.0,0.0
IQ,356,0,50,69.0,-64.0,-108.0,21.0
IQ,356,0,51,67.0,-65.0,-101.0,41.0
IQ,356,0,52,94.0,-6.0,-40.0,101.0
IQ,356,0,53,-86.0,46.0,69.0,-86.0
IQ,356,0,54,44.0,88.0,97.0,57.0
IQ,356,0,55,38.0,-94.0,-106.0,49.0
IQ,356,0,56,78.0,72.0,98.0,69.0
IQ,356,0,57,75.0,79.0,115.0,45.0
IQ,356,0,58,-41.0,105.0,81.0,-99.0
IQ,356,0,59,0.0,0.0,0.0,0.0
IQ,356,0,60,-113.0,-49.0,-134.0,-31.0
IQ,356,0,61,-82.0,-99.0,-130.0,60.0
IQ,356,0,62,0.0,0.0,0.0,0.0
IQ,356,0,63,112.0,74.0,127.0,-87.0
IQ,356,0,64,-133.0,41.0,-156.0,4.0
IQ,356,0,65,-143.0,10.0,-143.0,72.0
IQ,356,0,66,83.0,-121.0,162.0,34.0
IQ,356,0,67,-17.0,150.0,-155.0,-66.0
IQ,356,0,68,85.0,-128.0,157.0,-66.0
IQ,356,0,69,116.0,103.0,-117.0,-126.0
IQ,356,0,70,119.0,97.0,-146.0,-93.0
IQ,356,0,71,138.0,-68.0,-37.0,-169.0
IQ,356,0,72,58.0,138.0,-154.0,77.0
IQ,356,0,73,122.0,86.0,-165.0,35.0
IQ,356,0,74,-74.0,125.0,60.0,153.0
IQ,356,0,75,-131.0,-55.0,143.0,-74.0
IQ,356,0,76,-74.0,-115.0,32.0,-152.0
CS,356,0,1,4.391,5.689,4.116,13,714
IQ,357,0,2,19.0,85.0,-89.0,-42.0
IQ,357,0,3,64.0,-63.0,69.0,-69.0
IQ,357,0,4,-34.0,81.0,-88.0,38.0
IQ,357,0,5,87.0,16.0,-27.0,-92.0
IQ,357,0,6,-8.0,94.0,-98.0,31.0
IQ,357,0,7,-90.0,-35.0,56.0,86.0
IQ,357,0,8,34.0,-98.0,76.0,-77.0
IQ,357,0,9,-18.0,105.0,-80.0,78.0
IQ,357,0,10,-107.0,35.0,56.0,103.0
IQ,357,0,11,-109.0,-45.0,121.0,12.0
IQ,357,0,12,96.0,-77.0,-71.0,-105.0
IQ,357,0,13,-104.0,71.0,94.0,86.0
IQ,357,0,14,-32.0,-125.0,15.0,-131.0
IQ,357,0,15,-131.0,-14.0,118.0,-60.0
IQ,357,0,16,-121.0,58.0,136.0,-10.0
IQ,357,0,17,127.0,-46.0,-131.0,41.0
IQ,357,0,18,78.0,113.0,39.0,133.0
IQ,357,0,19,140.0,2.0,-57.0,128.0
IQ,357,0,20,69.0,-128.0,-139.0,42.0
IQ,357,0,21,129.0,69.0,60.0,131.0
IQ,357,0,22,-125.0,-84.0,-100.0,-110.0
IQ,357,0,23,0.0,0.0,0.0,0.0
IQ,357,0,24,0.0,0.0,0.0,0.0
IQ,357,0,25,0.0,0.0,0.0,0.0
IQ,357,0,26,-157.0,-55.0,-156.0,-21.0
IQ,357,0,27,164.0,-27.0,145.0,60.0
IQ,357,0,28,-154.0,77.0,-142.0,-81.0
IQ,357,0,29,159.0,-63.0,160.0,21.0
IQ,357,0,30,-172.0,24.0,-151.0,60.0
IQ,357,0,31,143.0,-98.0,158.0,-27.0
IQ,357,0,32,47.0,167.0,-114.0,-115.0
IQ,357,0,33,-94.0,146.0,-153.0,42.0
IQ,357,0,34,143.0,-94.0,97.0,-124.0
IQ,357,0,35,-146.0,-85.0,102.0,112.0
IQ,357,0,36,144.0,79.0,-119.0,-88.0
IQ,357,0,37,45.0,-154.0,90.0,-112.0
IQ,357,0,38,-81.0,133.0,-25.0,136.0
IQ,357,0,39,-115.0,105.0,40.0,132.0
IQ,357,0,40,44.0,143.0,-78.0,108.0
IQ,357,0,41,-47.0,-139.0,43.0,-121.0
IQ,357,0,42,-145.0,25.0,124.0,33.0
IQ,357,0,43,-76.0,-120.0,36.0,-117.0
IQ,357,0,44,-92.0,106.0,111.0,47.0
IQ,357,0,45,128.0,-44.0,-115.0,28.0
IQ,357,0,46,0.0,0.0,0.0,0.0
IQ,357,0,47,-30.0,-128.0,-79.0,-78.0
IQ,357,0,48,0.0,0.0,0.0,0.0
IQ,357,0,49,0.0,0.0,0.0,0.0
IQ,357,0,50,0.0,0.0,0.0,0.0
IQ,357,0,51,0.0,0.0,0.0,0.0
IQ,357,0,52,0.0,0.0,0.0,0.0
IQ,357,0,53,0.0,0.0,0.0,0.0
IQ,357,0,54,106.0,76.0,80.0,74.0
IQ,357,0,55,0.0,0.0,0.0,0.0
IQ,357,0,56,84.0,106.0,111.0,16.0
IQ,357,0,57,0.0,0.0,0.0,0.0
IQ,357,0,58,0.0,0.0,0.0,0.0
IQ,357,0,59,153.0,18.0,122.0,43.0
IQ,357,0,60,0.0,0.0,0.0,0.0
IQ,357,0,61,0.0,0.0,0.0,0.0
IQ,357,0,62,77.0,154.0,47.0,-134.0
IQ,357,0,63,0.0,0.0,0.0,0.0
IQ,357,0,64,-185.0,10.0,-133.0,74.0
IQ,357,0,65,56.0,-182.0,142.0,69.0
IQ,357,0,66,0.0,0.0,0.0,0.0
IQ,357,0,67,-164.0,117.0,-138.0,91.0
IQ,357,0,68,99.0,179.0,-147.0,-84.0
IQ,357,0,69,195.0,-73.0,10.0,-172.0
IQ,357,0,70,-97.0,-185.0,171.0,-7.0
IQ,357,0,71,108.0,-178.0,37.0,-169.0
IQ,357,0,72,89.0,186.0,-133.0,106.0
IQ,357,0,73,193.0,-67.0,-151.0,-75.0
IQ,357,0,74,88.0,180.0,-71.0,152.0
IQ,357,0,75,71.0,184.0,-12.0,162.0
IQ,357,0,76,113.0,-157.0,-154.0,-53.0
CS,357,0,1,4.822,5.854,4.633,16,989
IQ,358,0,2,-15.0,-67.0,51.0,47.0
IQ,358,0,3,-42.0,52.0,-69.0,17.0
IQ,358,0,4,-45.0,48.0,-66.0,27.0
IQ,358,0,5,-45.0,-50.0,41.0,57.0
IQ,358,0,6,-70.0,-15.0,0.0,72.0
IQ,358,0,7,54.0,-50.0,53.0,-54.0
IQ,358,0,8,-59.0,-48.0,51.0,56.0
IQ,358,0,9,14.0,75.0,-80.0,-3.0
IQ,358,0,10,0.0,0.0,0.0,0.0
IQ,358,0,11,65.0,-56.0,11.0,-86.0
IQ,358,0,12,-10.0,86.0,-54.0,70.0
IQ,358,0,13,-87.0,30.0,55.0,71.0
IQ,358,0,14,30.0,-89.0,5.0,-94.0
IQ,358,0,15,-40.0,88.0,21.0,91.0
IQ,358,0,16,80.0,-59.0,-77.0,-57.0
IQ,358,0,17,0.0,0.0,0.0,0.0
IQ,358,0,18,91.0,44.0,-61.0,76.0
IQ,358,0,19,33.0,97.0,37.0,89.0
IQ,358,0,20,41.0,-99.0,-94.0,-38.0
IQ,358,0,21,-104.0,13.0,62.0,-79.0
IQ,358,0,22,-6.0,108.0,97.0,31.0
IQ,358,0,23,0.0,0.0,0.0,0.0
IQ,358,0,24,0.0,0.0,0.0,0.0
IQ,358,0,25,0.0,0.0,0.0,0.0
IQ,358,0,26,-121.0,-15.0,-58.0,-90.0
IQ,358,0,27,57.0,-106.0,-35.0,103.0
IQ,358,0,28,-103.0,65.0,-36.0,-105.0
IQ,358,0,29,-119.0,43.0,-82.0,-77.0
IQ,358,0,30,98.0,77.0,101.0,-47.0
IQ,358,0,31,66.0,-110.0,59.0,95.0
IQ,358,0,32,-114.0,56.0,-108.0,-32.0
IQ,358,0,33,-126.0,27.0,-106.0,34.0
IQ,358,0,34,0.0,0.0,0.0,0.0
IQ,358,0,35,0.0,0.0,0.0,0.0
IQ,358,0,36,-118.0,45.0,-77.0,75.0
IQ,358,0,37,0.0,0.0,0.0,0.0
IQ,358,0,38,68.0,102.0,-87.0,-60.0
IQ,358,0,39,-88.0,-85.0,85.0,58.0
IQ,358,0,40,61.0,-106.0,66.0,-79.0
IQ,358,0,41,0.0,0.0,0.0,0.0
IQ,358,0,42,-82.0,88.0,-2.0,100.0
IQ,358,0,43,-119.0,-16.0,85.0,48.0
IQ,358,0,44,72.0,-93.0,-26.0,-96.0
IQ,358,0,45,-93.0,71.0,62.0,70.0
IQ,358,0,46,111.0,-25.0,-87.0,-33.0
IQ,358,0,47,86.0,-71.0,-81.0,-44.0
IQ,358,0,48,0.0,0.0,0.0,0.0
IQ,358,0,49,-108.0,-19.0,68.0,-52.0
IQ,358,0,50,-45.0,-98.0,-13.0,-86.0
IQ,358,0,51,4.0,-106.0,-61.0,-62.0
IQ,358,0,52,-53.0,-93.0,-29.0,-81.0
IQ,358,0,53,71.0,79.0,21.0,83.0
IQ,358,0,54,-26.0,-107.0,-65.0,-58.0
IQ,358,0,55,28.0,109.0,69.0,54.0
IQ,358,0,56,-107.0,44.0,59.0,-70.0
IQ,358,0,57,95.0,-75.0,-71.0,63.0
IQ,358,0,58,42.0,-119.0,-96.0,27.0
IQ,358,0,59,-48.0,-123.0,-100.0,-26.0
IQ,358,0,60,121.0,-67.0,-10.0,109.0
IQ,358,0,61,-141.0,-34.0,-82.0,-78.0
IQ,358,0,62,66.0,137.0,111.0,-42.0
IQ,358,0,63,133.0,82.0,121.0,-8.0
IQ,358,0,64,-11.0,163.0,33.0,-123.0
IQ,358,0,65,131.0,-109.0,100.0,83.0
IQ,358,0,66,-107.0,137.0,-105.0,-85.0
IQ,358,0,67,170.0,-59.0,139.0,-21.0
IQ,358,0,68,-111.0,-146.0,22.0,140.0
IQ,358,0,69,-133.0,129.0,-139.0,39.0
IQ,358,0,70,-75.0,-171.0,115.0,88.0
IQ,358,0,71,86.0,-166.0,128.0,-67.0
IQ,358,0,72,158.0,-97.0,38.0,-140.0
IQ,358,0,73,-101.0,150.0,-58.0,129.0
IQ,358,0,74,101.0,-150.0,21.0,-139.0
IQ,358,0,75,-18.0,172.0,-56.0,124.0
IQ,358,0,76,-69.0,-156.0,84.0,-106.0
CS,358,0,1,4.652,5.612,3.716,19,942
IQ,359,0,2,-17.0,23.0,26.0,4.0
IQ,359,0,3,0.0,0.0,0.0,0.0
IQ,359,0,4,0.0,0.0,0.0,0.0
IQ,359,0,5,0.0,0.0,0.0,0.0
IQ,359,0,6,0.0,0.0,0.0,0.0
IQ,359,0,7,0.0,0.0,0.0,0.0
IQ,359,0,8,0.0,0.0,0.0,0.0
IQ,359,0,9,0.0,0.0,0.0,0.0
IQ,359,0,10,0.0,0.0,0.0,0.0
IQ,359,0,11,0.0,0.0,0.0,0.0
IQ,359,0,12,-125.0,-41.0,-92.0,102.0
IQ,359,0,13,-129.0,43.0,-124.0,63.0
IQ,359,0,14,-110.0,100.0,-146.0,44.0
IQ,359,0,15,0.0,0.0,0.0,0.0
IQ,359,0,16,0.0,0.0,0.0,0.0
IQ,359,0,17,97.0,-134.0,86.0,-142.0
IQ,359,0,18,0.0,0.0,0.0,0.0
IQ,359,0,19,0.0,0.0,0.0,0.0
IQ,359,0,20,0.0,0.0,0.0,0.0
IQ,359,0,21,0.0,0.0,0.0,0.0
IQ,359,0,22,-183.0,-28.0,148.0,-102.0
IQ,359,0,23,0.0,0.0,0.0,0.0
IQ,359,0,24,0.0,0.0,0.0,0.0
IQ,359,0,25,0.0,0.0,0.0,0.0
IQ,359,0,26,0.0,0.0,0.0,0.0
IQ,359,0,27,0.0,0.0,0.0,0.0
IQ,359,0,28,-227.0,-15.0,-155.0,-145.0
IQ,359,0,29,-132.0,-149.0,-158.0,96.0
IQ,359,0,30,0.0,0.0,0.0,0.0
IQ,359,0,31,161.0,-89.0,171.0,12.0
IQ,359,0,32,-164.0,78.0,-169.0,16.0
IQ,359,0,33,-185.0,57.0,-146.0,100.0
IQ,359,0,34,-105.0,122.0,-133.0,66.0
IQ,359,0,35,162.0,-2.0,15.0,-148.0
IQ,359,0,36,-141.0,-62.0,82.0,117.0
IQ,359,0,37,-44.0,-136.0,124.0,-17.0
IQ,359,0,38,117.0,-37.0,-46.0,-100.0
IQ,359,0,39,6.0,96.0,-58.0,69.0
IQ,359,0,40,-85.0,31.0,47.0,67.0
IQ,359,0,41,18.0,-70.0,19.0,-65.0
IQ,359,0,42,-61.0,-23.0,48.0,28.0
IQ,359,0,43,51.0,-35.0,-5.0,-53.0
IQ,359,0,44,68.0,-9.0,-23.0,-52.0
IQ,359,0,45,69.0,-7.0,2.0,-56.0
IQ,359,0,46,-27.0,-80.0,64.0,24.0
IQ,359,0,47,4.0,92.0,-79.0,3.0
IQ,359,0,48,-103.0,34.0,-15.0,90.0
IQ,359,0,49,-93.0,79.0,-42.0,96.0
IQ,359,0,50,139.0,-18.0,-46.0,-111.0
IQ,359,0,51,-56.0,150.0,-63.0,121.0
IQ,359,0,52,134.0,111.0,-148.0,22.0
IQ,359,0,53,192.0,-33.0,-146.0,-70.0
IQ,359,0,54,200.0,70.0,-169.0,45.0
IQ,359,0,55,192.0,-129.0,-188.0,-36.0
IQ,359,0,56,-201.0,138.0,206.0,8.0
IQ,359,0,57,249.0,-75.0,-182.0,112.0
IQ,359,0,58,165.0,-219.0,-225.0,42.0
IQ,359,0,59,175.0,224.0,175.0,159.0
IQ,359,0,60,-290.0,74.0,2.0,-247.0
IQ,359,0,61,-73.0,-301.0,-250.0,49.0
IQ,359,0,62,-120.0,-292.0,-232.0,115.0
IQ,359,0,63,-193.0,265.0,-55.0,-263.0
IQ,359,0,64,-248.0,222.0,-170.0,-216.0
IQ,359,0,65,126.0,-319.0,141.0,248.0
IQ,359,0,66,344.0,-77.0,285.0,-36.0
IQ,359,0,67,287.0,-210.0,291.0,-26.0
IQ,359,0,68,-167.0,318.0,-293.0,-42.0
IQ,359,0,69,-261.0,-250.0,154.0,251.0
IQ,359,0,70,-284.0,220.0,-109.0,275.0
IQ,359,0,71,-212.0,-285.0,290.0,30.0
IQ,359,0,72,332.0,-85.0,-152.0,-242.0
IQ,359,0,73,-187.0,280.0,62.0,272.0
IQ,359,0,74,20.0,324.0,-75.0,259.0
IQ,359,0,75,-260.0,175.0,226.0,135.0
IQ,359,0,76,-68.0,302.0,104.0,237.0
CS,359,0,1,3.806,7.163,4.933,16,1053
IQ,360,0,2,16.0,57.0,-17.0,60.0
IQ,360,0,3,0.0,0.0,0.0,0.0
IQ,360,0,4,0.0,0.0,0.0,0.0
IQ,360,0,5,0.0,0.0,0.0,0.0
IQ,360,0,6,0.0,0.0,0.0,0.0
IQ,360,0,7,0.0,0.0,0.0,0.0
IQ,360,0,8,0.0,0.0,0.0,0.0
IQ,360,0,9,0.0,0.0,0.0,0.0
IQ,360,0,10,0.0,0.0,0.0,0.0
IQ,360,0,11,0.0,0.0,0.0,0.0
IQ,360,0,12,0.0,0.0,0.0,0.0
IQ,360,0,13,0.0,0.0,0.0,0.0
IQ,360,0,14,0.0,0.0,0.0,0.0
IQ,360,0,15,0.0,0.0,0.0,0.0
IQ,360,0,16,0.0,0.0,0.0,0.0
IQ,360,0,17,0.0,0.0,0.0,0.0
IQ,360,0,18,45.0,95.0,96.0,45.0
IQ,360,0,19,-18.0,108.0,93.0,-50.0
IQ,360,0,20,48.0,105.0,107.0,-8.0
IQ,360,0,21,103.0,-64.0,19.0,117.0
IQ,360,0,22,107.0,68.0,120.0,3.0
IQ,360,0,23,0.0,0.0,0.0,0.0
IQ,360,0,24,0.0,0.0,0.0,0.0
IQ,360,0,25,0.0,0.0,0.0,0.0
IQ,360,0,26,113.0,-106.0,130.0,54.0
IQ,360,0,27,-122.0,-108.0,-16.0,146.0
IQ,360,0,28,103.0,130.0,-39.0,-150.0
IQ,360,0,29,-171.0,-43.0,-20.0,160.0
IQ,360,0,30,130.0,-120.0,115.0,-115.0
IQ,360,0,31,116.0,144.0,-160.0,-57.0
IQ,360,0,32,-127.0,139.0,-52.0,162.0
IQ,360,0,33,187.0,25.0,-147.0,-85.0
IQ,360,0,34,190.0,25.0,-166.0,-50.0
IQ,360,0,35,81.0,177.0,-100.0,142.0
IQ,360,0,36,147.0,125.0,-101.0,139.0
IQ,360,0,37,193.0,-3.0,-156.0,67.0
IQ,360,0,38,48.0,-186.0,-147.0,-83.0
IQ,360,0,39,187.0,28.0,-70.0,148.0
IQ,360,0,40,-90.0,-159.0,-106.0,-120.0
IQ,360,0,41,-136.0,-123.0,-96.0,-125.0
IQ,360,0,42,160.0,-79.0,-38.0,151.0
IQ,360,0,43,-62.0,-166.0,-150.0,7.0
IQ,360,0,44,-171.0,-30.0,-106.0,-102.0
IQ,360,0,45,-29.0,169.0,81.0,-120.0
IQ,360,0,46,-158.0,-40.0,-141.0,-24.0
IQ,360,0,47,-165.0,-4.0,-138.0,-14.0
IQ,360,0,48,0.0,0.0,0.0,0.0
IQ,360,0,49,-141.0,-69.0,-94.0,93.0
IQ,360,0,50,43.0,-147.0,90.0,88.0
IQ,360,0,51,-130.0,-71.0,-31.0,119.0
IQ,360,0,52,0.0,0.0,0.0,0.0
IQ,360,0,53,0.0,0.0,0.0,0.0
IQ,360,0,54,-128.0,16.0,-40.0,99.0
IQ,360,0,55,94.0,-68.0,55.0,-77.0
IQ,360,0,56,-6.0,113.0,-90.0,20.0
IQ,360,0,57,111.0,-11.0,-10.0,-90.0
IQ,360,0,58,89.0,-51.0,13.0,-82.0
IQ,360,0,59,-102.0,-9.0,38.0,74.0
IQ,360,0,60,0.0,0.0,0.0,0.0
IQ,360,0,61,-97.0,-29.0,44.0,65.0
IQ,360,0,62,-85.0,58.0,-18.0,81.0
IQ,360,0,63,28.0,107.0,-88.0,22.0
IQ,360,0,64,-10.0,-118.0,88.0,-42.0
IQ,360,0,65,38.0,-124.0,57.0,-87.0
IQ,360,0,66,-21.0,134.0,-64.0,92.0
IQ,360,0,67,-127.0,-77.0,121.0,-2.0
IQ,360,0,68,132.0,91.0,-128.0,29.0
IQ,360,0,69,-91.0,-148.0,77.0,-118.0
IQ,360,0,70,128.0,123.0,-81.0,119.0
IQ,360,0,71,-121.0,142.0,140.0,55.0
IQ,360,0,72,52.0,184.0,71.0,142.0
IQ,360,0,73,172.0,-98.0,-138.0,87.0
IQ,360,0,74,-81.0,-183.0,-121.0,-115.0
IQ,360,0,75,-189.0,70.0,58.0,-159.0
IQ,360,0,76,-196.0,53.0,2.0,-169.0
CS,360,0,1,4.391,6.335,3.645,11,535
IQ,361,0,2,-74.0,24.0,-57.0,59.0
IQ,361,0,3,68.0,8.0,44.0,-64.0
IQ,361,0,4,-32.0,-66.0,3.0,79.0
IQ,361,0,5,-51.0,66.0,-77.0,-53.0
IQ,361,0,6,-96.0,23.0,-101.0,25.0
IQ,361,0,7,108.0,36.0,85.0,-87.0
IQ,361,0,8,117.0,-52.0,130.0,-29.0
IQ,361,0,9,-132.0,58.0,-135.0,71.0
IQ,361,0,10,157.0,15.0,60.0,-154.0
IQ,361,0,11,155.0,-46.0,69.0,-160.0
IQ,361,0,12,29.0,-174.0,174.0,-55.0
IQ,361,0,13,99.0,-157.0,107.0,-157.0
IQ,361,0,14,-171.0,-89.0,185.0,71.0
IQ,361,0,15,197.0,-25.0,-157.0,-127.0
IQ,361,0,16,41.0,-202.0,40.0,-205.0
IQ,361,0,17,-122.0,-169.0,152.0,-148.0
IQ,361,0,18,-31.0,206.0,43.0,205.0
IQ,361,0,19,-29.0,-218.0,-58.0,-214.0
IQ,361,0,20,24.0,225.0,97.0,202.0
IQ,361,0,21,-16.0,225.0,176.0,138.0
IQ,361,0,22,-211.0,-105.0,-5.0,-229.0
IQ,361,0,23,0.0,0.0,0.0,0.0
IQ,361,0,24,0.0,0.0,0.0,0.0
IQ,361,0,25,0.0,0.0,0.0,0.0
IQ,361,0,26,248.0,-1.0,119.0,206.0
IQ,361,0,27,-202.0,-140.0,-235.0,-25.0
IQ,361,0,28,38.0,-241.0,-61.0,226.0
IQ,361,0,29,226.0,93.0,224.0,-39.0
IQ,361,0,30,216.0,101.0,184.0,-125.0
IQ,361,0,31,-173.0,-161.0,-63.0,209.0
IQ,361,0,32,197.0,-112.0,210.0,-27.0
IQ,361,0,33,0.0,0.0,0.0,0.0
IQ,361,0,34,-82.0,203.0,-197.0,-32.0
IQ,361,0,35,-168.0,-125.0,78.0,168.0
IQ,361,0,36,0.0,0.0,0.0,0.0
IQ,361,0,37,-70.0,-174.0,166.0,18.0
IQ,361,0,38,-104.0,146.0,-83.0,138.0
IQ,361,0,39,-172.0,11.0,92.0,117.0
IQ,361,0,40,123.0,100.0,-140.0,-17.0
IQ,361,0,41,-118.0,-95.0,131.0,2.0
IQ,361,0,42,-148.0,-9.0,111.0,68.0
IQ,361,0,43,-61.0,129.0,-19.0,123.0
IQ,361,0,44,79.0,-118.0,-11.0,-124.0
IQ,361,0,45,0.0,0.0,0.0,0.0
IQ,361,0,46,-112.0,90.0,58.0,108.0
IQ,361,0,47,-52.0,141.0,13.0,127.0
IQ,361,0,48,-50.0,-146.0,69.0,-115.0
IQ,361,0,49,56.0,-153.0,-44.0,-133.0
IQ,361,0,50,-159.0,62.0,137.0,44.0
IQ,361,0,51,127.0,126.0,-78.0,129.0
IQ,361,0,52,67.0,176.0,-5.0,157.0
IQ,361,0,53,200.0,10.0,-135.0,100.0
IQ,361,0,54,146.0,-150.0,-173.0,-12.0
IQ,361,0,55,0.0,219.0,151.0,98.0
IQ,361,0,56,-238.0,25.0,112.0,-163.0
IQ,361,0,57,115.0,-220.0,-195.0,54.0
IQ,361,0,58,-175.0,-196.0,-175.0,-128.0
IQ,361,0,59,-137.0,235.0,141.0,-174.0
IQ,361,0,60,39.0,280.0,218.0,-80.0
IQ,361,0,61,-111.0,-274.0,-230.0,81.0
IQ,361,0,62,302.0,-23.0,204.0,146.0
IQ,361,0,63,-101.0,-302.0,-137.0,223.0
IQ,361,0,64,99.0,313.0,73.0,-259.0
IQ,361,0,65,-237.0,247.0,-247.0,-131.0
IQ,361,0,66,-265.0,226.0,-285.0,-26.0
IQ,361,0,67,-228.0,270.0,-292.0,33.0
IQ,361,0,68,320.0,-167.0,209.0,-206.0
IQ,361,0,69,-123.0,-340.0,280.0,89.0
IQ,361,0,70,357.0,-34.0,-80.0,-286.0
IQ,361,0,71,-26.0,-353.0,233.0,-175.0
IQ,361,0,72,40.0,-341.0,122.0,-257.0
IQ,361,0,73,-234.0,-239.0,242.0,-129.0
IQ,361,0,74,268.0,176.0,-221.0,157.0
IQ,361,0,75,223.0,214.0,-127.0,223.0
IQ,361,0,76,-149.0,-259.0,-14.0,-246.0
CS,361,0,1,5.030,6.775,3.002,17,681
IQ,362,0,2,-31.0,96.0,80.0,86.0
IQ,362,0,3,-44.0,72.0,92.0,28.0
IQ,362,0,4,-9.0,-70.0,-63.0,-46.0
IQ,362,0,5,-48.0,16.0,26.0,-51.0
IQ,362,0,6,-12.0,-34.0,-36.0,-21.0
IQ,362,0,7,13.0,-22.0,-27.0,-7.0
IQ,362,0,8,0.0,0.0,0.0,0.0
IQ,362,0,9,-29.0,13.0,13.0,32.0
IQ,362,0,10,24.0,35.0,-46.0,-1.0
IQ,362,0,11,0.0,0.0,0.0,0.0
IQ,362,0,12,-46.0,36.0,31.0,51.0
IQ,362,0,13,-56.0,27.0,62.0,26.0
IQ,362,0,14,-34.0,-62.0,19.0,-71.0
IQ,362,0,15,-25.0,-73.0,-11.0,-77.0
IQ,362,0,16,-71.0,31.0,75.0,-26.0
IQ,362,0,17,9.0,78.0,66.0,47.0
IQ,362,0,18,45.0,-65.0,-80.0,21.0
IQ,362,0,19,55.0,-64.0,-68.0,52.0
IQ,362,0,20,-70.0,42.0,36.0,-74.0
IQ,362,0,21,-35.0,-79.0,-90.0,-10.0
IQ,362,0,22,3.0,85.0,83.0,-34.0
IQ,362,0,23,0.0,0.0,0.0,0.0
IQ,362,0,24,0.0,0.0,0.0,0.0
IQ,362,0,25,0.0,0.0,0.0,0.0
IQ,362,0,26,-17.0,-108.0,-53.0,96.0
IQ,362,0,27,65.0,-99.0,63.0,90.0
IQ,362,0,28,57.0,109.0,24.0,-117.0
IQ,362,0,29,96.0,-92.0,123.0,20.0
IQ,362,0,30,-139.0,28.0,-96.0,95.0
IQ,362,0,31,0.0,0.0,0.0,0.0
IQ,362,0,32,0.0,0.0,0.0,0.0
IQ,362,0,33,67.0,136.0,-141.0,-11.0
IQ,362,0,34,0.0,0.0,0.0,0.0
IQ,362,0,35,0.0,0.0,0.0,0.0
IQ,362,0,36,0.0,0.0,0.0,0.0
IQ,362,0,37,-83.0,125.0,89.0,104.0
IQ,362,0,38,143.0,-39.0,-127.0,43.0
IQ,362,0,39,0.0,0.0,0.0,0.0
IQ,362,0,40,-77.0,110.0,115.0,-30.0
IQ,362,0,41,0.0,0.0,0.0,0.0
IQ,362,0,42,0.0,0.0,0.0,0.0
IQ,362,0,43,69.0,73.0,87.0,21.0
IQ,362,0,44,-91.0,-39.0,-76.0,-37.0
IQ,362,0,45,-63.0,-69.0,-72.0,26.0
IQ,362,0,46,36.0,-74.0,15.0,69.0
IQ,362,0,47,-38.0,-58.0,-30.0,49.0
IQ,362,0,48,57.0,-20.0,54.0,4.0
IQ,362,0,49,-13.0,-54.0,4.0,43.0
IQ,362,0,50,-41.0,-2.0,-31.0,18.0
IQ,362,0,51,24.0,-18.0,21.0,11.0
IQ,362,0,52,0.0,0.0,0.0,0.0
IQ,362,0,53,-18.0,-12.0,-2.0,-21.0
IQ,362,0,54,10.0,29.0,10.0,24.0
IQ,362,0,55,-49.0,-23.0,26.0,-37.0
IQ,362,0,56,-59.0,37.0,60.0,-9.0
IQ,362,0,57,90.0,27.0,-25.0,71.0
IQ,362,0,58,-109.0,27.0,47.0,-82.0
IQ,362,0,59,-35.0,134.0,107.0,-39.0
IQ,362,0,60,-139.0,80.0,16.0,-135.0
IQ,362,0,61,-174.0,-63.0,-129.0,-79.0
IQ,362,0,62,-183.0,-104.0,-170.0,0.0
IQ,362,0,63,-221.0,74.0,-173.0,-78.0
IQ,362,0,64,-203.0,-162.0,-135.0,165.0
IQ,362,0,65,-161.0,-227.0,-12.0,232.0
IQ,362,0,66,280.0,-106.0,202.0,-144.0
IQ,362,0,67,318.0,30.0,21.0,-268.0
IQ,362,0,68,-182.0,287.0,-220.0,178.0
IQ,362,0,69,302.0,178.0,-272.0,-113.0
IQ,362,0,70,356.0,-61.0,-225.0,-206.0
IQ,362,0,71,-352.0,-117.0,310.0,-29.0
IQ,362,0,72,169.0,-335.0,-185.0,-255.0
IQ,362,0,73,-371.0,80.0,293.0,-121.0
IQ,362,0,74,-307.0,208.0,299.0,-94.0
IQ,362,0,75,-77.0,-355.0,-274.0,-144.0
IQ,362,0,76,-143.0,-330.0,-290.0,-83.0
CS,362,0,1,2.928,9.124,8.827,9,1060
IQ,363,0,2,0.0,0.0,0.0,0.0
