t_s,media_mA,min_mA,max_mA,n
0.5,2.8589,-0.0003,15.2879,101888
1.6,4.3596,0.0038,37.7931,101376
2.6,23.1213,0.0101,62.6960,100864
3.6,19.8632,0.0018,221.1755,100864
4.6,0.9839,0.0013,58.6452,100864
5.6,0.4543,0.0007,10.5218,101376
6.6,0.9874,0.0000,55.5470,100352
7.6,0.9851,0.0007,59.2690,100864
8.6,0.9927,0.0004,56.7259,100352
9.6,0.9887,-0.0007,55.5470,100352
10.6,0.4531,0.0010,11.2585,101376
11.6,0.9796,0.0018,56.8947,101376
12.7,0.9875,0.0006,58.0793,101376
13.7,0.9878,0.0009,58.1924,100352
14.7,0.9791,-0.0004,56.1639,101888
15.7,0.4523,-0.0007,10.4749,100352
16.7,0.9823,0.0013,55.9955,101376
17.7,0.9833,-0.0007,56.8384,100864
18.7,0.9833,0.0013,57.2326,100864
19.7,19.6165,0.0016,214.1930,101376
20.7,49.1407,1.4081,238.2784,100864
21.8,36.7516,0.0159,279.6825,101376
22.8,20.4358,0.0113,246.0687,101376
23.8,41.3894,0.0023,261.6797,100352
24.8,23.9070,0.0024,239.8356,100352
25.8,5.6406,0.0001,58.3055,100864
26.8,7.9867,0.0005,198.7058,100352
27.8,8.0093,-0.0001,199.4792,100352
28.8,8.8133,0.0013,197.1593,101376
29.8,7.6798,0.0008,201.0263,101888
30.8,6.6540,0.0001,57.3454,100352
31.8,12.3009,0.0019,205.6700,101888
32.9,9.1276,0.0006,198.7058,100352
33.9,7.9807,-0.0000,195.6132,100352
34.9,5.9074,-0.0003,60.0649,100352
35.9,9.3332,0.0011,195.6132,100864
36.9,9.3431,0.0014,228.9434,100352
37.9,7.9724,0.0007,194.0675,100864
38.9,8.6428,0.0013,221.1755,100864
39.9,5.6462,-0.0004,59.3257,100352
40.9,7.9851,0.0019,200.2527,100864
41.9,12.8107,0.0004,207.2187,100352
42.9,12.7770,0.0017,207.9932,101376
43.9,38.4985,14.2282,50.4424,99840
44.9,35.8048,0.0092,67.1912,100864
45.9,31.8932,0.0269,64.1939,101376
46.9,32.9926,0.0120,64.9240,100352
47.9,32.9703,0.0092,64.9240,100352
48.9,33.6754,23.7140,67.9471,100352
50.0,33.8429,2.3121,64.2517,101376
51.0,40.2224,14.9310,49.0721,100864
52.0,40.8748,20.9854,50.2227,101376
53.0,40.8742,24.3525,50.2227,101376
54.0,40.8594,26.7272,49.7838,100864
55.0,40.2335,2.1779,63.7899,101376
56.0,37.8864,23.9593,68.7032,101376
57.0,34.3801,24.2050,59.7804,100352
58.1,34.3861,23.8121,60.4067,101888
59.1,34.3826,24.0084,59.4393,100864
60.1,34.3755,23.9102,59.5530,100864
61.1,34.3716,24.0576,59.3257,100864
62.1,34.3896,24.2050,59.7804,100864
63.1,34.3434,23.8121,65.6796,100864
64.1,34.6073,23.3709,64.1939,101376
65.1,34.6372,23.6649,67.1912,100352
66.1,34.6566,23.4199,64.1939,100864
67.1,35.4393,23.4689,65.6796,100864
68.2,35.6473,23.7140,65.6796,101888
69.2,35.5208,23.9593,65.6796,100352
70.2,35.2365,23.7140,64.4250,101376
71.2,35.2237,23.6159,64.2517,101376
72.2,34.8302,23.7140,65.6796,100864
73.2,34.8860,23.7630,65.6796,100864
74.2,34.8667,23.3709,65.6796,101376
75.2,34.8286,23.6159,68.7032,101376
76.2,34.9012,23.2730,64.2517,101376
77.3,34.8164,23.5669,64.4829,100864
78.3,21.2708,0.0018,68.7032,101376
79.3,0.4289,0.0002,9.2542,99840
80.3,0.4300,0.0005,9.9679,104960
81.3,0.4278,0.0013,11.0285,101376
82.3,0.4295,-0.0002,11.3967,101376
83.4,0.4289,0.0007,9.9206,101376
84.4,0.4298,0.0012,9.8645,101376
85.4,0.4277,0.0006,9.8844,100864
86.4,0.4284,0.0007,9.5094,101376
87.4,0.4292,-0.0005,10.9571,101376
88.4,0.4279,0.0010,9.4645,100352
89.4,0.4291,0.0010,11.1665,100864
90.4,0.4283,0.0010,9.6489,100864
91.4,0.4282,0.0006,10.6299,100864
92.4,0.4271,0.0002,10.4776,101376
93.5,0.4275,-0.0001,9.9587,101376
94.5,0.4280,0.0010,11.2585,100864
95.5,0.4277,0.0005,10.7528,100352
96.5,0.4269,0.0013,8.7527,100864
97.5,0.4291,0.0009,10.2943,100864
98.5,0.4281,0.0003,10.8043,100352
99.5,0.4284,0.0008,10.5836,101376
100.5,0.4274,0.0010,10.1745,100352
101.5,0.4278,0.0012,9.2273,100864
102.5,0.4268,-0.0004,9.5456,100352
103.5,0.4289,0.0008,10.6152,100864
104.5,0.4277,0.0006,10.3684,100352
105.5,0.4283,0.0014,10.4776,101376
106.6,0.4274,0.0019,9.8507,100864
107.6,0.4294,-0.0005,9.3808,101376
108.6,0.4281,0.0010,9.3808,100864
109.6,0.4280,0.0015,9.8370,101376
110.6,0.4279,0.0010,10.7987,100352
111.6,0.4287,0.0008,8.3655,100864
112.6,0.4279,0.0001,10.6152,100864
113.6,0.4291,0.0004,10.5749,100864
114.6,0.4290,0.0018,10.7069,101376
115.6,0.4286,-0.0003,10.3859,100864
116.7,0.4288,-0.0002,10.7069,100864
117.7,0.4283,0.0018,12.4129,101376
118.7,0.4276,0.0020,10.2287,101376
119.7,0.4285,0.0006,10.3126,100864
120.7,0.4278,-0.0004,9.8661,100864
121.7,0.4279,0.0004,9.8827,100352
122.7,0.4276,0.0016,9.5871,100864
123.7,0.4286,0.0004,10.3947,101376
124.7,0.4284,0.0008,9.8036,100864
125.7,0.4283,0.0013,9.4132,100864
126.7,0.4287,0.0005,10.6152,100352
127.8,0.4265,0.0008,8.6416,101376
128.8,0.4275,0.0005,10.1783,100864
129.8,0.4271,0.0011,10.2943,100352
130.8,0.4276,0.0010,9.4283,101888
131.8,0.4278,0.0004,8.8817,100352
132.8,0.4271,0.0003,9.4719,101376
133.8,0.4275,0.0002,10.8447,101376
134.8,0.4270,0.0016,10.0527,100864
135.8,0.4272,-0.0009,10.6610,100352
136.8,0.4271,0.0003,9.9203,100352
137.9,0.4267,0.0019,10.5778,101376
138.9,0.4283,0.0006,10.3877,100864
139.9,0.4269,-0.0003,10.3035,101376
140.9,0.4273,0.0002,8.7651,101376
141.9,0.4265,0.0005,10.7797,101376
142.9,0.4272,0.0007,10.0946,100352
143.9,0.4280,0.0006,10.1299,100864
144.9,0.4274,0.0004,10.8447,100864
145.9,0.4277,-0.0001,10.7987,101376
146.9,0.4278,0.0006,9.7746,100352
147.9,0.4282,-0.0001,11.1665,100864
148.9,0.4277,0.0004,10.0734,100352
150.0,0.4282,0.0016,8.7190,101376
151.0,0.4273,0.0017,10.7746,100864
152.0,0.4282,-0.0001,9.5413,100352
153.0,0.4285,0.0005,9.4687,101888
154.0,0.4277,0.0012,10.2276,100864
155.0,0.4280,0.0007,10.2943,101376
156.0,0.4272,0.0015,10.3232,100352
157.0,0.4277,-0.0001,10.4191,100864
158.0,0.4284,-0.0005,11.6271,100864
159.1,0.4282,0.0016,10.2431,101376
160.1,0.4281,0.0012,10.8817,103936
161.1,0.4278,0.0006,10.2824,100864
162.1,0.4272,0.0020,9.9622,101888
163.1,0.4270,0.0018,10.8454,102912
164.2,0.4282,0.0003,9.0218,100352
165.2,0.4279,0.0004,9.8825,100864
166.2,0.4279,0.0015,10.3237,100864
167.2,0.4276,0.0017,10.0022,100864
168.2,0.4286,0.0007,10.0835,101376
169.2,0.4282,0.0004,10.4390,101376
170.2,0.4267,0.0001,11.3506,101888
171.2,0.4282,-0.0004,10.5693,101376
172.2,0.4283,0.0005,9.7913,100352
173.3,0.4289,0.0001,10.4879,100864
174.3,0.4279,0.0004,9.4839,101376
175.3,0.4277,0.0012,8.2179,101376
176.3,0.4276,0.0010,9.8934,101376
177.3,0.4279,0.0015,9.8373,101376
178.3,0.4279,0.0008,10.4580,100864
179.3,0.4280,0.0009,13.2486,101376
180.3,0.4282,0.0007,10.8447,101376
181.4,0.4274,0.0001,10.7135,100864
182.4,0.4282,0.0008,10.2485,101376
183.4,0.4278,0.0016,10.4318,102400
184.4,0.4279,0.0001,9.7999,101376
185.4,0.4277,0.0002,8.4256,101376
186.4,0.4275,0.0009,9.2919,100864
187.4,0.4282,0.0013,10.7987,99840
188.4,0.4285,0.0007,12.2740,101376
189.5,0.4288,-0.0002,9.4665,101376
190.5,0.4271,0.0006,11.4427,101376
191.5,0.4276,0.0002,10.1660,100864
192.5,0.4278,-0.0005,9.9978,101376
193.5,0.4275,0.0009,10.5455,100352
194.5,0.4264,0.0007,9.8720,100352
195.5,0.4272,-0.0008,9.5993,101376
196.5,0.4277,0.0012,10.4194,100352
197.5,0.4281,0.0004,10.7663,101888
198.5,3.3555,0.0006,78.5410,101376
199.6,24.8764,0.0030,284.3878,101376
200.6,17.2250,0.0011,207.2187,100864
201.6,8.4896,0.0003,196.3862,100352
202.6,8.3322,0.0006,197.1593,100864
203.6,8.3889,0.0009,197.1593,100864
204.6,7.2300,-0.0002,218.8471,100864
205.6,10.8241,0.0001,217.2953,100864
206.6,8.7800,-0.0007,205.6700,100864
207.6,8.3937,0.0011,194.0675,100352
208.6,8.6291,0.0019,201.0263,101376
209.6,6.3234,0.0012,58.4753,100864
210.6,13.9487,0.0015,203.3477,100864
211.7,9.5476,0.0017,197.1593,100864
212.7,9.0304,0.0007,193.2948,100352
213.7,8.4500,0.0004,198.7058,100864
214.7,6.2542,0.0004,58.1924,101888
215.7,8.4168,-0.0006,200.2527,101376
216.7,8.3859,-0.0002,191.7498,100352
217.7,8.6738,0.0000,193.2948,100352
218.7,8.3533,0.0002,196.3862,101376
219.7,8.0257,0.0001,58.7018,100864
220.7,12.9683,0.0020,207.2187,101888
221.8,8.7000,0.0007,194.8403,100352
222.8,8.7631,0.0001,206.4443,100864
223.8,6.4143,-0.0003,59.7235,101376
224.8,9.8499,0.0005,201.8000,101376
225.8,8.5946,-0.0005,196.3862,100864
226.8,9.9723,-0.0001,203.3477,101376
227.8,8.3788,0.0008,197.1593,100352
228.8,8.4882,0.0011,198.7058,100864
229.8,11.2556,0.0012,206.4443,101376
230.8,35.8637,23.4199,66.4354,100864
231.9,33.3962,0.0082,64.4250,101376
232.9,33.3806,0.0072,64.7142,101376
233.9,33.2649,0.0085,64.9240,100864
234.9,33.5844,0.0072,64.4829,101376
235.9,34.4987,23.7630,64.8300,100864
236.9,34.3648,2.3794,65.6796,101376
237.9,35.1525,23.7140,65.6796,101376
238.9,35.3818,23.8121,65.6796,101376
240.0,35.5781,23.6159,65.6796,100864
241.0,35.8330,23.9593,65.0616,100864
242.0,35.5168,24.0084,65.6796,101376
243.0,36.2833,23.6159,65.6796,101376
244.0,36.2936,23.9102,64.9240,100352
245.0,35.6311,23.7140,67.1912,101376
246.0,34.9616,23.8121,66.4354,100864
247.0,35.6580,23.9102,66.4354,100864
248.0,35.2011,23.7140,65.6796,101376
249.1,35.3401,23.3220,64.9240,101376
250.1,35.9118,23.7140,65.6796,100864
251.1,36.0488,23.7630,65.6796,100864
252.1,36.3022,24.1558,64.4829,100352
253.1,36.0586,23.7140,67.9471,100864
254.1,35.8967,23.9102,64.9240,101888
255.1,35.1041,23.9102,65.6796,101376
256.1,35.3043,23.8121,65.6796,100864
257.1,35.1674,23.9102,65.6796,100352
258.1,25.9731,0.0025,67.9471,101376
259.2,0.4289,0.0011,9.0402,100864
260.2,0.4291,0.0006,10.6152,100352
261.2,0.4278,-0.0001,9.4455,101376
262.2,0.4276,0.0005,8.9380,100352
263.2,0.4286,-0.0002,10.7740,101376
264.2,0.4292,0.0002,10.2163,101376
265.2,0.4280,0.0011,10.2805,101376
266.2,0.4282,0.0019,10.4609,100864
267.2,0.4289,0.0006,10.1556,101376
268.2,0.4275,0.0002,10.7910,100864
269.2,0.4284,0.0011,9.6977,100352
270.3,0.4281,0.0011,10.4349,101376
271.3,0.4276,0.0012,10.4290,100864
272.3,0.4280,0.0010,9.0106,100864
273.3,0.4280,0.0016,10.3374,100352
274.3,0.4288,0.0011,10.2018,102400
275.3,0.4280,0.0001,11.1665,101376
276.3,0.4282,0.0000,10.4318,100352
277.3,0.4283,0.0010,10.7528,100352
278.3,0.4274,0.0015,10.1002,100864
279.3,0.4269,0.0007,9.8034,100864
280.3,0.4281,0.0001,9.4109,100352
281.4,0.4274,0.0012,8.7804,101376
282.4,0.4280,0.0008,10.1570,101376
283.4,0.4275,-0.0012,10.0169,100864
284.4,0.4276,0.0004,10.4234,100352
285.4,0.4286,0.0004,10.5234,101376
286.4,0.4280,0.0009,9.9294,100352
287.4,0.4285,0.0004,10.6152,100864
288.4,0.4282,0.0003,11.5810,100864
289.4,0.4289,0.0016,10.9365,100864
290.5,0.4273,0.0014,10.5672,102400
291.5,0.4284,0.0010,10.5234,101376
292.5,0.4270,0.0004,10.3885,100352
293.5,0.4288,0.0001,10.7285,100352
294.5,0.4283,0.0019,9.9215,101376
295.5,0.4277,0.0009,9.3808,100864
296.5,0.4280,-0.0002,9.7796,100864
297.5,0.4262,0.0017,10.2381,101376
298.5,0.4270,-0.0002,10.7432,100864
299.5,0.4280,0.0014,10.3370,100864
300.5,0.4284,0.0001,9.4431,100864
301.6,0.4280,0.0011,9.9284,100864
302.6,0.4278,0.0012,8.7198,101376
303.6,0.4283,0.0009,8.9374,100864
304.6,0.4280,0.0004,9.9284,100864
305.6,0.4264,0.0011,9.6381,100864
306.6,0.4262,-0.0003,10.2431,101376
307.6,0.4285,0.0012,10.2943,100864
308.6,0.4274,0.0004,10.3226,100864
309.6,0.4279,0.0014,9.7845,100864
310.6,0.4278,0.0006,10.1621,100352
311.6,0.4276,0.0005,10.7054,100352
312.7,0.4271,0.0008,10.0378,101376
313.7,0.4276,0.0019,9.9757,100352
314.7,0.4283,0.0014,10.6610,101376
315.7,0.4281,0.0012,10.3527,99840
316.7,0.4273,0.0011,9.0035,102400
317.7,0.4305,0.0004,10.3859,101376
318.7,0.4267,0.0015,10.5784,101376
319.7,0.4273,0.0009,12.7839,100352
320.7,0.4274,-0.0007,10.3768,101888
321.8,0.4285,0.0004,9.4952,100864
322.8,0.4279,0.0001,10.6347,100352
323.8,0.4292,0.0018,11.0745,100864
324.8,0.4282,0.0003,10.6210,101376
325.8,0.4281,0.0019,9.1986,100352
326.8,0.4278,0.0002,10.5556,100352
327.8,0.4282,0.0013,12.3203,101376
328.8,0.4289,-0.0003,9.7456,100864
329.8,0.4275,0.0003,11.4427,101376
330.8,0.4284,0.0014,10.9680,101376
331.8,0.4284,0.0019,10.1113,101376
332.9,0.4281,0.0006,10.2506,100864
333.9,0.4269,-0.0003,9.9154,101376
334.9,0.4289,0.0005,9.3181,100864
335.9,0.4287,0.0012,10.3429,101376
336.9,0.4272,0.0005,10.1137,101376
337.9,0.4286,0.0001,10.7934,100352
338.9,0.4266,0.0022,9.1986,101376
339.9,0.4278,0.0007,9.7158,100864
340.9,0.4272,0.0015,10.1134,101376
342.0,0.4268,0.0007,10.3938,101376
343.0,0.4273,0.0002,9.4463,100352
344.0,0.4271,0.0014,11.4888,101376
345.0,0.4283,0.0004,10.3950,100864
346.0,0.4269,0.0007,11.1205,100864
347.0,0.4259,0.0012,10.1809,101376
348.0,0.4291,0.0008,9.8277,101376
349.0,0.4284,0.0008,10.1397,101376
350.0,0.4268,-0.0003,10.3401,100864
351.1,0.4286,0.0008,10.7987,101376
352.1,0.4266,0.0018,9.0317,101376
353.1,0.4263,0.0010,9.8587,100352
354.1,0.4273,-0.0003,10.0484,100864
355.1,0.4269,0.0013,10.7528,100864
356.1,0.4280,0.0011,9.4466,101888
357.1,0.4285,0.0006,11.9041,101376
358.1,0.4276,0.0006,9.6799,100864
359.2,0.4275,0.0019,10.1570,101888
360.2,0.4280,0.0011,9.9862,101888
361.2,0.4270,-0.0005,9.8827,100864
362.2,0.4282,-0.0008,9.6226,101376
363.2,0.4275,0.0004,10.8447,100864
364.2,0.4265,0.0017,9.9359,100864
365.2,0.4272,0.0008,10.2418,101376
366.2,0.4268,-0.0006,9.0511,100864
367.2,0.4264,0.0014,10.3883,101376
368.3,0.4273,0.0002,10.9365,101376
369.3,0.4276,0.0004,9.8235,100864
370.3,0.4274,0.0001,9.4644,100352
371.3,0.4281,-0.0004,9.1076,101888
372.3,0.4269,0.0012,12.5983,101376
373.3,0.4276,0.0002,10.4136,101888
374.3,0.4268,0.0005,9.4227,100864
375.3,0.4273,-0.0001,8.9621,100864
376.4,0.4282,0.0011,10.8483,101376
377.4,0.4271,0.0002,10.2853,100864
378.4,3.5855,-0.0004,61.2630,100864
379.4,27.3895,0.0017,278.1149,101376
380.4,13.7669,-0.0007,209.5426,101376
381.4,10.1384,0.0010,204.8958,101376
382.4,33.7848,0.0113,207.9932,100864
383.4,35.6050,0.0090,58.6452,100352
384.4,39.0346,13.9011,49.1268,101376
385.5,35.6883,0.0800,66.4354,101888
386.5,33.6882,0.0072,64.4250,100864
387.5,32.9206,0.2109,64.4250,101376
388.5,32.8367,2.1422,64.9458,101376
389.5,36.9302,10.1113,49.2362,100864
390.5,40.5007,14.8841,49.9483,100352
391.5,40.8386,27.1754,49.8935,101376
392.5,40.8522,25.3387,50.1129,101376
393.5,40.8381,25.8831,50.3326,101376
394.6,40.0783,2.4470,68.7032,100864
395.6,37.1430,23.6159,64.5407,100864
396.6,37.8357,23.9593,65.6796,100352
397.6,37.8630,23.9102,66.4354,100864
398.6,37.4023,24.2050,67.1912,100864
399.6,37.4068,23.8612,64.1684,100864
400.6,37.4352,23.7140,67.9471,100352
401.6,37.5199,23.4199,66.4354,101376
402.6,35.7658,23.9593,67.1912,101376
403.6,34.7486,23.5669,64.9240,101376
404.7,34.6910,23.9102,67.1912,100864
405.7,34.8109,23.7140,64.7142,101376
406.7,34.7265,23.7630,66.4354,100864
407.7,34.7888,23.9593,64.4250,101376
408.7,34.7071,23.8121,65.6796,101888
409.7,34.8591,23.7140,64.9240,101376
410.7,35.2062,23.4689,64.9240,100864
411.7,35.6872,23.7140,64.9240,100352
412.7,35.6660,23.5179,64.3672,101376
413.8,35.8031,24.0576,65.6796,100864
414.8,36.0996,24.0576,66.4354,100864
415.8,35.9888,23.3220,66.4354,100352
416.8,35.6416,23.6159,67.9471,100352
417.8,35.8996,23.9102,65.6796,100864
418.8,35.5196,23.5669,64.4829,100864
419.8,35.8013,23.8612,67.1912,100864
420.8,36.0105,23.8121,64.5407,101376
421.8,36.4287,24.0576,64.1362,100352
422.8,37.0656,24.1558,64.9240,100864
423.8,36.1049,23.7140,65.6796,100864
424.8,37.4298,24.0576,64.7721,101376
425.9,38.0598,24.0576,65.6796,101376
426.9,36.2655,23.8612,67.1912,100864
427.9,37.8562,23.9102,67.1912,100864
428.9,36.1973,23.8121,65.6796,100352
429.9,35.2237,24.0576,64.9240,101376
430.9,35.5157,24.0576,64.9240,101376
431.9,35.5682,23.7630,65.6796,100352
432.9,34.4091,0.0045,67.1912,101376
433.9,0.4583,0.0019,11.5349,101376
434.9,0.4286,0.0006,10.2943,100352
435.9,0.4296,0.0009,11.3506,100864
437.0,0.4290,0.0010,10.3194,101376
438.0,0.4277,0.0011,8.3152,100864
439.0,0.4285,0.0014,10.1997,100352
440.0,0.4306,0.0005,10.3954,101888
441.0,0.4296,-0.0005,9.7961,100864
442.0,0.4285,0.0012,8.4456,101376
443.0,0.4281,0.0005,9.8318,100352
444.0,0.4282,0.0001,10.3094,101376
445.0,0.4286,0.0012,9.9741,101376
446.1,0.4290,0.0004,8.8803,101888
447.1,0.4289,0.0011,9.2793,100352
448.1,0.4296,0.0013,10.8619,101376
449.1,0.4272,0.0019,10.4790,100864
450.1,0.4284,0.0008,10.2028,100352
451.1,0.4280,0.0005,10.0198,100864
452.1,0.4285,0.0004,9.6533,101376
453.1,0.4285,0.0002,10.4318,100864
454.1,0.4286,0.0019,10.0463,100864
455.1,0.4273,0.0016,10.5234,100864
456.2,0.4283,-0.0002,9.9445,101376
457.2,0.4273,0.0002,11.4427,100352
458.2,0.4284,0.0008,9.5322,100864
459.2,0.4273,0.0004,10.7528,100352
460.2,0.4292,0.0006,10.2371,101376
461.2,0.4289,0.0005,10.1707,100864
462.2,0.4281,-0.0001,10.2943,101376
463.2,0.4277,0.0014,9.4053,100352
464.2,0.4293,0.0005,10.5165,101888
465.2,0.4291,-0.0007,10.4760,100864
466.2,0.4283,0.0014,9.8096,100352
467.3,0.4290,0.0016,10.2954,100864
468.3,0.4287,0.0008,10.3153,100864
469.3,0.4283,-0.0005,10.8883,100864
470.3,0.4284,0.0008,10.1373,100352
471.3,0.4280,0.0013,9.7722,100352
472.3,0.4286,0.0017,10.7152,101376
473.3,0.4279,0.0017,7.8836,100352
474.3,0.4290,0.0013,8.7894,101376
475.3,0.4291,0.0011,10.1535,100352
476.3,0.4292,-0.0008,9.5923,101888
477.3,0.4272,0.0004,10.6152,101376
478.3,0.4272,0.0004,10.6332,100352
479.4,0.4284,0.0017,10.6718,100864
480.4,0.4278,0.0006,9.7456,100864
481.4,0.4272,-0.0003,10.3458,100864
482.4,0.4275,0.0014,11.4888,101376
483.4,0.4281,0.0015,10.1401,101888
484.4,0.4270,0.0009,9.4452,101376
485.4,0.4283,0.0006,10.6152,101376
486.4,0.4286,0.0005,10.5693,100352
487.5,0.4285,0.0014,9.0167,101376
488.5,0.4285,0.0001,9.2897,101376
489.5,0.4280,0.0008,9.5269,100864
490.5,0.4271,0.0012,10.5025,101376
491.5,0.4276,0.0006,9.3808,100864
492.5,0.4283,0.0013,10.2028,101376
493.5,0.4279,0.0003,12.6911,100352
494.5,0.4285,0.0009,10.2932,101376
495.5,0.4284,0.0009,10.2023,100864
496.5,0.4278,0.0011,10.0284,100352
497.6,0.4282,0.0005,10.3808,101376
498.6,0.4281,0.0009,10.1132,101376
499.6,0.4280,0.0012,10.7987,101376
500.6,0.4276,0.0009,10.3200,100864
501.6,0.4287,0.0003,10.6610,100864
502.6,0.4277,0.0000,10.2070,100864
503.6,0.4288,0.0008,11.0745,100864
504.6,0.4287,0.0004,9.8722,102400
505.7,0.4295,-0.0002,9.8431,101376
506.7,0.4278,0.0015,10.4564,100352
507.7,0.4274,0.0009,10.7883,100864
508.7,0.4281,0.0008,9.9893,100864
509.7,0.4286,0.0001,9.6987,100352
510.7,0.4272,0.0001,10.1698,100352
511.7,0.4290,0.0012,9.7791,101888
512.7,0.4278,-0.0002,10.0458,100864
513.7,0.4282,0.0002,10.0476,101376
514.7,0.4277,-0.0005,9.9423,100864
515.7,0.4266,0.0018,9.9072,101376
516.8,0.4287,-0.0009,10.0577,100864
517.8,0.4280,0.0003,9.9274,100864
518.8,0.4271,0.0010,9.6146,101376
519.8,0.4274,0.0014,10.6042,101376
520.8,0.4285,0.0015,9.0621,101376
521.8,0.4266,0.0002,9.9216,100864
522.8,0.4270,-0.0011,10.4882,100864
523.8,0.4281,0.0007,10.6152,101376
524.8,0.4273,0.0008,10.1584,100864
525.8,0.4283,0.0008,10.5126,100864
526.9,0.4277,0.0010,9.7662,100352
527.9,0.4297,0.0020,9.7000,101888
528.9,0.4288,0.0017,10.6610,101376
529.9,0.4273,0.0007,9.2206,101376
530.9,0.4279,-0.0007,10.1977,100864
531.9,0.4277,0.0010,9.5981,100352
532.9,0.4277,0.0001,10.1449,101376
533.9,0.4274,0.0003,10.9365,100864
534.9,0.4283,0.0003,10.3859,100864
535.9,0.4287,0.0010,10.2843,100352
537.0,0.4286,0.0019,10.3207,101888
538.0,0.4278,0.0004,10.3401,100864
539.0,0.4282,0.0000,11.4427,100864
540.0,0.4287,0.0014,10.2801,100864
541.0,0.4276,0.0014,11.6733,100352
542.0,0.4278,0.0007,9.3808,100864
543.0,0.4270,0.0004,10.3508,100864
544.0,0.4284,0.0008,9.4719,100864
545.0,0.4283,0.0010,10.0533,100864
546.0,0.4274,0.0006,10.2825,100352
547.0,0.4276,0.0003,10.0123,100352
548.0,0.4275,0.0010,11.0285,100864
549.0,0.4287,0.0013,10.3521,100352
550.1,0.4280,0.0001,9.8095,100352
551.1,0.4290,0.0000,10.5693,100864
552.1,0.4281,0.0015,8.3887,100352
553.1,1.8516,0.0008,60.9202,101376
554.1,3.4561,0.0015,57.6838,100352
555.1,36.3176,0.0012,238.2784,100864
556.1,18.5504,-0.0008,207.9932,101376
557.1,5.6578,0.0017,58.8718,100352
558.1,8.3590,-0.0003,211.0923,101376
559.1,8.9921,0.0006,191.7498,101376
560.1,8.5062,0.0008,194.0675,100352
561.1,7.9245,0.0014,195.6132,100864
562.2,5.6644,-0.0007,56.6134,100352
563.2,8.2361,0.0001,193.2948,100864
564.2,7.9302,0.0013,194.0675,100864
565.2,12.5622,0.0007,206.4443,101376
566.2,7.3009,0.0006,196.3862,101376
567.2,7.6611,0.0007,57.8533,100352
568.2,7.9040,0.0006,198.7058,100864
569.2,7.8714,0.0009,194.0675,101376
570.2,8.3408,0.0004,219.6231,100864
571.2,5.6464,0.0003,60.2927,101376
572.3,9.0865,0.0010,197.1593,101376
573.3,9.1990,0.0010,196.3862,100352
574.3,7.8684,0.0013,192.5223,101888
575.3,11.5634,0.0007,204.8958,100352
576.3,6.4578,0.0018,59.5530,100352
577.3,7.9273,0.0014,194.8403,100864
578.3,8.2252,0.0008,194.0675,100864
579.3,9.3477,0.0008,194.8403,100864
580.3,7.4771,0.0011,196.3862,100864
581.3,6.0912,0.0015,59.3257,100864
582.3,7.8667,0.0005,194.0675,101376
583.4,7.9316,-0.0006,194.8403,100864
584.4,9.1477,-0.0004,225.0582,100352
585.4,35.0254,0.1695,218.0711,100864
586.4,33.2158,0.3292,66.4354,101376
587.4,32.4208,0.0093,64.4250,100352
588.4,32.4199,0.0061,64.4250,100864
589.4,32.5302,0.0096,65.6796,99840
590.4,32.5886,23.5179,64.4829,101888
591.4,34.2914,2.3076,64.1362,101376
592.4,40.3460,14.2750,49.4551,101376
593.4,40.8938,21.6156,50.3875,100864
594.4,40.8905,25.6355,50.0032,100352
595.5,40.8762,24.4509,50.2776,101376
596.5,39.0975,7.4773,60.6919,101376
597.5,40.8900,23.5179,49.9483,100352
598.5,40.9044,25.7840,49.7290,101376
599.5,40.9179,25.3387,50.3326,101376
600.5,39.5130,8.9257,58.9852,101376
601.5,40.9212,27.6744,50.0580,100864
602.5,40.9307,26.3792,50.7174,100864
603.5,40.9133,26.2303,49.7838,100864
604.6,39.5181,8.7894,55.6031,100864
605.6,40.9345,24.9437,50.4974,100352
606.6,40.9228,25.5860,50.1129,100864
607.6,40.9269,25.2893,50.3326,100864
608.6,39.5403,10.0655,57.2326,100864
609.6,40.9440,25.7840,50.1129,100352
610.6,40.9295,26.9262,49.8935,100864
611.6,40.9191,25.1905,50.3875,100864
612.6,35.4437,2.2852,65.6796,101888
613.6,37.8693,23.7140,68.7032,101376
614.7,37.6680,23.7140,68.7032,101888
615.7,38.3055,23.8121,65.6796,100352
616.7,36.8766,23.6649,65.6796,100352
617.7,34.4847,23.8612,60.1218,100864
618.7,34.4757,23.8121,59.7804,100864
619.7,37.5050,23.9593,67.1912,100352
620.7,36.0925,23.7630,64.7721,100864
621.7,34.0019,23.7140,65.6796,100352
622.7,33.9832,23.3220,67.1912,100864
623.7,33.9460,23.3220,64.4250,100864
624.7,33.9523,23.4689,67.9471,100864
625.7,34.0287,23.3220,65.6796,100352
626.7,33.8432,23.7630,65.6796,100864
627.7,33.7531,23.5179,65.6796,101376
628.8,33.7754,23.6159,66.4354,101376
629.8,33.7817,23.6649,67.1912,100864
630.8,33.7467,23.6649,67.1912,100864
631.8,33.7718,23.2730,65.6796,100352
632.8,33.7409,23.5179,64.8300,100864
633.8,33.7647,23.4689,68.7032,100864
634.8,33.8700,23.5669,64.9240,100864
635.8,33.7287,23.5669,65.6796,101376
636.8,34.5064,23.7630,67.9471,100352
637.8,34.8036,23.7140,65.6796,101376
638.8,34.9256,23.8121,66.4354,100864
639.9,35.1929,23.3220,64.6564,101376
640.9,35.3592,23.5669,66.4354,101376
641.9,35.2113,23.7140,65.6796,101376
642.9,35.3862,23.4199,67.1912,101376
643.9,34.7667,23.0773,64.9240,101376
644.9,34.8748,23.5669,67.9471,100352
645.9,34.8424,23.5669,65.6796,100352
646.9,35.2410,23.6649,66.4354,100864
647.9,35.4647,23.7140,67.1912,100864
648.9,31.6484,0.0019,64.9240,100864
650.0,0.4741,0.0008,13.3359,101376
651.0,0.4312,0.0013,10.5495,100864
652.0,0.4314,0.0001,11.0101,100864
653.0,0.4315,0.0016,10.3057,100352
654.0,0.4304,0.0005,10.1570,100864
655.0,0.4304,0.0009,10.1570,101376
656.0,0.4309,0.0012,10.2559,100352
657.0,0.4317,0.0010,10.8447,100352
658.0,0.4303,0.0012,9.7000,100864
659.0,0.4318,0.0009,9.9709,100864
660.0,0.4296,0.0015,10.4776,101376
661.1,0.4300,0.0008,10.2802,101376
662.1,0.4310,0.0009,9.2441,100864
663.1,0.4314,0.0001,10.0604,101376
664.1,0.4292,0.0015,10.1113,100864
665.1,0.4298,0.0006,10.2866,101376
666.1,0.4290,0.0008,10.7528,100352
667.1,0.4298,0.0004,10.0763,100864
668.1,0.4291,0.0011,10.3559,100864
669.1,0.4301,0.0006,10.9825,100864
670.1,0.4280,0.0011,10.0198,101376
671.1,0.4281,0.0015,12.3666,100352
672.2,0.4285,0.0002,10.2028,100864
673.2,0.4269,-0.0002,8.6708,100864
674.2,0.4298,0.0007,9.3590,100864
675.2,0.4285,0.0017,10.6152,101376
676.2,0.4274,0.0010,10.2028,100352
677.2,0.4288,-0.0000,9.3266,100352
678.2,0.4291,0.0004,10.9068,101376
679.2,0.4291,0.0006,10.5858,101376
680.2,0.4287,0.0015,10.1534,100352
681.2,0.4287,0.0006,8.8928,101376
682.3,0.4282,-0.0003,10.8791,101376
683.3,0.4281,0.0004,10.0890,101888
684.3,0.4283,-0.0008,9.2441,100864
685.3,0.4289,-0.0008,9.4362,100352
686.3,0.4281,0.0016,10.1113,100864
687.3,0.4273,0.0010,9.6544,100352
688.3,0.4282,0.0016,11.9503,100864
689.3,0.4289,0.0002,8.5625,101376
690.3,0.4275,0.0002,10.4318,101376
691.3,0.4283,0.0014,9.3551,100864
692.3,0.4278,0.0017,10.0804,100864
693.4,0.4291,0.0015,9.6544,100864
694.4,0.4287,0.0012,10.0995,100864
695.4,0.4279,0.0007,9.4337,100352
696.4,0.4279,0.0017,10.3623,100864
697.4,0.4274,0.0002,10.7528,101888
698.4,0.4295,0.0000,11.0894,101376
699.4,0.4282,0.0011,9.4719,100864
700.4,0.4274,0.0011,9.2661,100864
701.4,0.4294,0.0002,9.6950,100864
702.5,0.4281,0.0009,9.7214,101376
703.5,0.4272,0.0011,9.7023,100864
704.5,0.4282,0.0019,11.0285,101376
705.5,0.4286,0.0006,9.4383,100864
706.5,0.4287,-0.0008,9.1956,100352
707.5,0.4274,0.0011,10.6356,101376
708.5,0.4280,0.0014,9.7981,101376
709.5,0.4282,0.0004,10.4627,101376
710.5,0.4301,-0.0002,9.4350,100864
711.5,0.4283,0.0011,9.1626,100864
712.6,0.4286,0.0018,11.8579,100864
713.6,0.4290,0.0015,8.7320,101376
714.6,0.4293,-0.0006,10.3604,101376
715.6,0.4296,0.0013,10.5115,101376
716.6,0.4283,0.0015,9.7839,101376
717.6,0.4306,0.0011,11.1205,100864
718.6,0.4290,0.0001,8.8570,101376
719.6,0.4290,0.0003,10.1525,100864
720.6,0.4282,0.0009,9.0127,100352
721.6,0.4289,0.0011,11.4888,100352
722.7,0.4288,0.0001,9.8841,101376
723.7,0.4283,0.0004,10.5379,100352
724.7,0.4293,0.0015,10.8906,100864
725.7,0.4297,0.0016,10.3938,101376
726.7,0.4283,0.0005,10.0572,100864
727.7,0.4273,0.0010,10.1094,101376
728.7,0.4275,0.0007,10.6009,100864
729.7,0.4274,0.0015,10.4318,101888
730.8,0.4281,0.0006,9.5175,101376
731.8,0.4270,-0.0001,9.8370,100864
732.8,0.4283,0.0014,11.0745,100864
733.8,0.4291,0.0003,10.6069,100352
734.8,0.4285,0.0010,8.3166,100864
735.8,0.4274,0.0018,8.9257,100352
736.8,0.4289,0.0002,9.7972,101376
737.8,0.4276,0.0009,9.4342,100352
738.8,0.4287,-0.0005,10.0850,101376
739.8,0.4252,0.0006,9.3808,101376
740.8,0.4296,0.0013,10.4515,100864
741.8,0.4289,0.0012,10.5234,100864
742.8,0.4283,-0.0008,10.7263,100352
743.9,0.4284,0.0009,10.0198,100864
744.9,0.4278,0.0009,12.0427,101376
745.9,0.4298,0.0015,9.9580,101376
746.9,0.4278,-0.0001,9.4264,101376
747.9,0.4279,0.0004,10.3597,101376
748.9,0.4290,0.0016,10.1035,100864
749.9,0.4287,-0.0008,10.9860,101376
750.9,0.4287,0.0008,10.6555,101376
752.0,0.4278,0.0016,10.9825,100864
753.0,0.4287,0.0010,11.4427,100352
754.0,0.4273,0.0018,10.1007,101376
755.0,0.4281,0.0006,9.4885,100352
756.0,0.4286,0.0009,10.3414,101376
757.0,0.4293,0.0001,10.2700,101376
758.0,0.4290,0.0010,9.5939,100864
759.0,0.4277,0.0008,10.0412,101376
760.0,0.4272,0.0004,10.0797,100864
761.0,0.4284,0.0004,10.3401,100864
762.1,0.4291,0.0001,8.9609,101376
763.1,0.4280,0.0006,9.6871,101376
764.1,0.4273,-0.0007,9.9501,101376
765.1,0.4285,0.0012,9.9334,100352
766.1,0.4291,0.0018,9.5567,100352
767.1,0.4286,0.0012,10.0275,100864
768.1,0.4290,-0.0003,10.7726,100864
769.1,2.3593,0.0012,73.2416,101376
770.1,26.3482,0.0022,254.6497,101376
771.1,22.6652,0.0018,263.2430,100864
772.2,8.5411,0.0009,197.1593,101376
773.2,7.9176,-0.0011,194.0675,100864
774.2,7.9030,0.0009,198.7058,101376
775.2,5.6684,0.0011,57.9662,100352
776.2,7.8770,0.0011,198.7058,101888
777.2,10.8628,0.0005,214.9684,100864
778.2,19.0058,-0.0007,208.7679,101376
779.2,7.8949,0.0008,196.3862,101376
780.3,8.0977,-0.0002,197.9325,100864
781.3,7.9102,-0.0008,197.1593,101376
782.3,5.6432,0.0007,58.1924,100864
783.3,8.5201,0.0007,197.9325,101888
784.3,9.3965,0.0004,199.4792,101376
785.3,7.8521,0.0007,194.0675,101376
786.3,7.9377,0.0007,197.1593,100352
787.3,5.6422,0.0004,58.1924,100864
788.3,13.1805,0.0018,204.8958,101376
789.4,8.0391,0.0010,200.2527,100352
790.4,9.5250,-0.0007,193.2948,101376
791.4,7.4336,-0.0006,194.0675,100864
792.4,6.2390,0.0011,58.6452,100864
793.4,7.8643,0.0011,195.6132,101376
794.4,7.9175,0.0013,199.4792,100864
795.4,11.0979,0.0010,215.7440,100352
796.4,8.9441,0.0012,209.5426,100864
797.4,7.4406,0.0008,194.8403,100864
798.4,12.7106,0.0000,205.6700,101376
799.5,7.8108,0.0010,199.4792,102400
800.5,22.5334,-0.0006,207.2187,100864
801.5,37.1309,0.8510,57.2890,100864
802.5,37.1643,1.0168,57.6838,100352
803.5,37.8213,0.2007,63.6745,100352
804.5,35.7620,0.1626,68.7032,101376
805.5,34.1558,23.8121,64.4250,101376
806.5,33.8661,0.0084,64.3672,100352
807.5,32.9007,2.2180,67.1912,100864
808.5,40.1643,14.5090,48.8536,101376
809.6,40.8928,23.2241,50.2776,101888
810.6,40.9018,24.2050,50.1678,101376
811.6,40.8969,24.8451,49.9483,100352
812.6,40.1758,2.6642,71.7284,100352
813.6,37.3926,23.8121,67.1912,100352
814.6,34.4093,24.1067,59.4961,101376
815.6,34.4319,23.9593,59.7235,100352
816.6,34.4434,24.0576,59.4961,100352
817.6,36.7773,23.9593,64.4250,101376
818.6,38.5004,23.9102,68.7032,100864
819.6,38.2081,24.0576,68.7032,101376
820.7,36.2695,24.1067,64.9240,101888
821.7,34.7016,23.4199,64.9240,100864
822.7,35.2203,23.7140,66.4354,101376
823.7,35.3298,24.1067,66.4354,101376
824.7,35.4189,24.0576,64.1684,101376
825.7,35.3260,23.7630,64.6564,101888
826.7,35.4012,23.5669,64.2517,100352
827.7,35.1948,24.0084,66.4354,100352
828.7,35.8893,23.7630,64.9240,100864
829.8,35.9842,23.7630,64.5985,100864
830.8,35.7701,24.0084,67.9471,100352
831.8,35.9761,24.0084,64.9240,100864
832.8,35.7582,24.0084,67.1912,100864
833.8,35.9699,23.7630,65.6796,101376
834.8,35.7580,23.4689,67.1912,100864
835.8,36.4431,23.9102,64.8300,101376
836.8,36.0253,24.0084,65.6796,101376
837.8,36.5490,23.5179,66.4354,101376
838.8,36.2032,23.9102,64.9240,100864
839.9,35.9626,23.6649,64.9240,100864
840.9,35.7737,24.0084,66.4354,101888
841.9,35.9434,23.7630,67.1912,101376
842.9,35.4655,23.6159,64.4829,100864
843.9,35.6443,23.7630,65.6796,100864
844.9,35.4517,23.5179,64.5985,101376
845.9,33.6624,0.0023,67.1912,101376
846.9,0.4584,0.0018,10.5693,100864
848.0,0.4296,0.0006,9.7390,101376
849.0,0.4284,0.0003,10.9825,100864
850.0,0.4286,0.0001,10.2485,101376
851.0,0.4285,0.0003,9.4519,101376
852.0,0.4281,0.0019,11.0745,101376
853.0,0.4283,0.0001,9.6915,100864
854.0,0.4286,0.0008,10.4362,101376
855.0,0.4292,-0.0008,10.6610,100864
856.0,0.4295,0.0003,10.2485,100352
857.0,0.4284,0.0010,9.5518,100864
858.1,0.4289,0.0008,10.0770,100352
859.1,0.4288,0.0004,10.2377,100864
860.1,0.4289,0.0011,8.5569,100352
861.1,0.4292,0.0001,10.8212,101376
862.1,0.4289,-0.0001,9.4557,101376
863.1,0.4283,0.0007,9.6107,101376
864.1,0.4285,0.0020,10.4051,100864
865.1,0.4282,0.0004,10.0442,100864
866.1,0.4274,0.0010,9.0136,100864
867.1,0.4287,0.0003,9.4490,101376
868.2,0.4281,-0.0006,9.8827,101376
869.2,0.4287,0.0008,10.1749,100864
870.2,0.4283,0.0006,10.1302,100864
871.2,0.4290,0.0012,9.5096,100864
872.2,0.4289,0.0023,7.2070,101376
873.2,0.4279,0.0009,10.1028,100352
874.2,0.4276,0.0013,10.4203,100864
875.2,0.4291,0.0005,10.1189,101376
876.2,0.4287,-0.0011,10.4959,100352
877.2,0.4290,0.0002,10.5162,101376
878.3,0.4282,0.0005,9.2865,101376
879.3,0.4288,0.0017,10.3218,100864
880.3,0.4293,0.0018,10.2722,100864
881.3,0.4289,0.0007,10.3057,101376
882.3,0.4275,0.0001,10.0590,100864
883.3,0.4289,0.0007,10.0283,101888
884.3,0.4291,0.0013,9.6544,101376
885.3,0.4286,0.0005,10.6847,100864
886.3,0.4286,0.0001,11.3045,100352
887.3,0.4273,0.0004,11.1981,100352
888.4,0.4281,0.0018,10.2281,101888
889.4,0.4290,0.0004,9.9045,100864
890.4,0.4297,0.0006,10.1832,100864
891.4,0.4296,0.0001,10.2368,100864
892.4,0.4288,-0.0002,10.1905,101376
893.4,0.4288,-0.0006,11.2125,100352
894.4,0.4293,-0.0005,10.5903,100352
895.4,0.4284,0.0001,11.0285,101376
896.4,0.4300,0.0017,10.0198,101376
897.4,0.4282,0.0011,9.3064,100864
898.5,0.4281,-0.0001,10.8906,101376
899.5,0.4283,0.0010,10.5087,100864
900.5,0.4292,0.0012,10.7987,100864
901.5,0.4290,0.0004,9.4649,100864
902.5,0.4287,-0.0001,10.1113,100352
903.5,0.4289,0.0003,10.5234,100864
904.5,0.4294,-0.0007,10.9825,100352
905.5,0.4290,0.0002,10.1509,100352
906.5,0.4300,0.0007,11.7194,101376
907.5,0.4289,0.0011,10.3030,101376
908.5,0.4299,0.0018,10.2683,100864
909.5,0.4299,-0.0004,10.3094,100864
910.6,0.4282,-0.0005,10.2943,100864
911.6,0.4285,0.0007,9.9228,100864
912.6,0.4283,0.0012,9.9284,100864
913.6,0.4291,0.0015,10.5693,100352
914.6,0.4292,0.0003,10.6152,101376
915.6,0.4294,-0.0003,8.9698,100352
916.6,0.4289,0.0015,10.6152,100864
917.6,0.4282,0.0001,10.0449,101376
918.6,0.4276,0.0012,10.0236,100864
919.6,0.4279,0.0009,10.9365,101376
920.6,0.4299,0.0006,10.0674,100864
921.7,0.4274,0.0002,9.4074,101376
922.7,0.4285,0.0008,9.6256,101376
923.7,0.4295,0.0016,10.1113,100864
924.7,0.4285,0.0012,11.9041,100352
925.7,0.4287,0.0007,10.4530,101376
926.7,0.4282,-0.0000,11.3506,101376
927.7,0.4279,0.0009,10.0494,100864
928.7,0.4275,0.0009,9.9284,101376
929.7,0.4281,0.0012,9.9737,100864
930.8,0.4280,-0.0003,10.8447,101376
931.8,0.4276,-0.0005,10.7069,100352
932.8,0.4282,0.0012,9.9741,101376
933.8,0.4285,-0.0004,9.8669,101376
934.8,0.4281,0.0002,8.9702,100352
935.8,0.4291,-0.0003,9.6448,101376
936.8,0.4275,0.0017,9.6879,101888
937.8,0.4290,-0.0001,10.7507,99840
938.8,0.4276,0.0005,10.2202,102400
939.9,0.4276,0.0004,10.4919,101376
940.9,0.4282,0.0009,10.1720,100352
941.9,0.4275,0.0012,9.7286,100352
942.9,0.4285,-0.0004,9.1751,101376
943.9,0.4285,0.0006,10.7528,101376
944.9,0.4288,0.0009,10.6466,100352
945.9,0.4282,0.0018,8.4426,101376
946.9,0.4282,0.0002,10.5371,101376
947.9,0.4281,0.0008,9.9228,100864
948.9,0.4288,0.0005,9.6904,100864
950.0,0.4285,0.0004,9.3826,101376
951.0,0.4284,0.0002,9.2990,100864
952.0,0.4269,0.0010,10.8447,100864
953.0,0.4293,0.0004,10.4388,101376
954.0,0.4292,0.0017,10.3567,101888
955.0,0.4282,0.0003,9.0023,100864
956.0,0.4280,0.0013,9.1083,101376
957.0,0.4286,0.0015,11.0745,100352
958.0,0.4279,-0.0004,10.2337,100864
959.1,0.4291,0.0005,10.2964,100864
960.1,0.4292,0.0011,10.4908,100864
961.1,0.4296,0.0019,10.4165,100864
962.1,0.4299,0.0009,10.5511,101376
963.1,0.4267,-0.0007,9.8827,100864
964.1,0.4278,-0.0000,10.7947,100864
965.1,0.4284,0.0014,10.4461,100352
966.1,2.2984,0.0005,60.4637,100864
967.1,23.1550,0.0114,229.7208,101888
968.1,15.8941,0.0011,275.7643,100864
969.1,13.2294,0.0016,204.8958,100864
970.2,8.9110,0.0020,203.3477,100864
971.2,6.3732,0.0003,59.3257,100864
972.2,9.0267,0.0004,196.3862,101376
973.2,10.1243,0.0001,197.9325,101888
974.2,8.5395,0.0005,195.6132,100352
975.2,8.5002,-0.0001,194.8403,100352
976.2,6.2919,0.0006,58.3621,101888
977.2,9.7002,0.0012,218.0711,101376
978.2,13.4466,0.0010,206.4443,100864
979.3,9.6024,-0.0007,197.9325,100864
980.3,8.7619,0.0004,207.9932,101376
981.3,7.2648,0.0011,60.0649,100864
982.3,8.4587,0.0022,191.7498,100864
983.3,8.4625,0.0002,195.6132,100864
984.3,8.4709,0.0000,207.2187,100864
985.3,6.7191,-0.0001,59.9511,100864
986.3,10.4519,0.0004,204.1217,101376
987.3,8.5677,0.0012,206.4443,101376
988.3,14.1178,0.0002,206.4443,100352
989.4,8.3793,0.0012,194.8403,101888
990.4,6.2923,0.0005,59.5530,101888
991.4,9.2252,-0.0010,209.5426,100864
992.4,10.1031,0.0001,197.1593,101376
993.4,8.4967,0.0015,194.8403,100864
994.4,8.6359,-0.0005,197.9325,100864
995.4,6.3678,-0.0007,60.1218,100864
996.4,8.5209,0.0005,195.6132,100864
997.5,24.5516,0.0012,208.7679,101376
998.5,34.1267,0.0081,68.7032,100352
999.5,32.8422,0.0105,64.6564,100864
1000.5,32.9737,0.0084,64.8879,100864
1001.5,33.5679,23.3709,68.7032,101376
1002.5,32.9429,0.0107,64.4250,100864
1003.5,32.3838,0.0090,64.7721,100864
1004.5,31.5770,2.3839,65.6796,100864
1005.5,39.9359,14.4622,49.8386,101376
1006.5,40.8694,16.0138,50.0032,100864
1007.5,40.8985,25.9327,49.6742,100864
1008.5,40.8848,27.1255,49.7290,100352
1009.6,40.2600,2.7005,64.1684,100864
1010.6,38.2514,24.1067,64.9240,100864
1011.6,37.8992,24.1558,65.6796,100352
1012.6,38.0621,23.6159,64.9240,100864
1013.6,38.0159,23.9102,65.6796,101376
1014.6,38.0431,23.7140,64.5985,100864
1015.6,38.0210,24.0084,66.4354,100864
1016.6,37.6823,23.6649,65.6796,101376
1017.6,36.4359,23.8612,65.6796,101376
1018.7,34.1439,23.6159,64.1362,101888
1019.7,34.2600,23.9593,66.4354,100352
1020.7,34.1733,23.7140,64.1362,101376
1021.7,34.3548,23.7630,64.7721,100352
1022.7,34.4782,23.8121,64.8300,100352
1023.7,34.7331,23.8121,64.7721,100352
1024.7,34.9001,23.9102,65.6796,100864
1025.7,34.7392,23.7140,64.3672,100352
1026.7,34.9070,23.9102,67.1912,100864
1027.7,35.2645,23.8121,64.7142,100352
1028.7,35.2611,23.9102,66.4354,100864
1029.7,35.3599,23.7140,64.9240,101376
1030.7,35.4596,24.0084,66.4354,100864
1031.7,34.7759,23.7630,65.6796,100352
1032.8,34.8606,23.7630,64.5985,101376
1033.8,35.0779,23.7630,66.4354,100864
1034.8,35.7948,23.7630,64.7721,100864
1035.8,35.7063,23.6159,64.5985,100352
1036.8,35.3650,23.6159,64.9240,100352
1037.8,35.2420,23.9593,65.6796,101376
1038.8,34.8381,23.7630,65.6796,100352
1039.8,34.9785,23.9102,64.6564,101376
1040.8,35.1765,23.5669,67.1912,101376
1041.8,35.3500,23.7140,67.1912,100352
1042.8,35.3916,23.9102,64.4250,101376
1043.8,35.0622,24.0084,66.4354,100352
1044.9,34.5902,24.0084,64.9240,100864
1045.9,34.3148,23.9102,64.9240,100864
1046.9,35.2051,23.8612,65.6796,101376
1047.9,35.2982,23.9102,68.7032,100864
1048.9,35.1462,23.5669,67.1912,101376
1049.9,35.3396,23.9593,69.4593,100352
1050.9,34.5861,23.9102,67.1912,100864
1051.9,34.3003,23.7630,66.4354,101376
1052.9,34.1729,23.6649,67.1912,101376
1053.9,34.0047,23.8612,67.1912,100864
1055.0,34.0137,23.8121,64.9240,101376
1056.0,34.4001,23.7140,67.1912,101376
1057.0,29.9641,0.0021,65.6796,101376
1058.0,0.4304,0.0005,10.3366,101376
1059.0,0.4292,-0.0001,8.9033,100352
1060.0,0.4299,0.0015,11.0285,101376
1061.0,0.4289,0.0007,9.8121,100352
1062.0,0.4287,0.0005,10.5905,100864
1063.0,0.4294,0.0014,10.0939,101376
1064.1,0.4283,0.0005,9.9229,100864
1065.1,0.4281,0.0012,10.4033,101376
1066.1,0.4293,0.0009,10.1814,100864
1067.1,0.4282,0.0018,11.6733,100352
1068.1,0.4289,0.0014,11.0745,100864
1069.1,0.4283,0.0013,9.6918,100864
1070.1,0.4280,0.0012,10.2899,100352
1071.1,0.4285,0.0008,9.5919,101376
1072.1,0.4287,0.0006,9.0409,100864
1073.1,0.4283,0.0008,9.9270,100864
1074.1,0.4283,0.0004,9.9389,101376
1075.2,0.4282,0.0002,11.2125,100864
1076.2,0.4285,0.0009,10.3401,100864
1077.2,0.4277,0.0004,9.8827,100864
1078.2,0.4282,0.0013,9.9833,100864
1079.2,0.4280,0.0004,11.5810,100864
1080.2,0.4280,0.0012,10.8660,100864
1081.2,0.4280,-0.0002,10.5403,100352
1082.2,0.4276,-0.0004,10.1614,100864
1083.2,0.4287,0.0014,12.5056,101376
1084.2,0.4274,0.0010,10.8906,101376
1085.3,0.4294,0.0005,9.0220,101888
1086.3,0.4282,0.0001,9.6692,100352
1087.3,0.4285,0.0010,10.3731,100864
1088.3,0.4275,0.0018,9.1312,100352
1089.3,0.4278,-0.0011,11.3967,101376
1090.3,0.4272,0.0005,9.8370,100864
1091.3,0.4283,0.0012,11.2125,100864
1092.3,0.4282,-0.0002,10.4683,100864
1093.3,0.4286,0.0005,9.2537,100864
1094.3,0.4283,0.0012,10.1457,100864
1095.3,0.4269,-0.0000,10.1297,100864
1096.3,0.4293,0.0012,10.4174,100352
1097.3,0.4290,0.0004,10.0744,100864
1098.4,0.4284,0.0008,9.8851,100352
1099.4,0.4270,0.0005,9.4499,101376
1100.4,0.4279,0.0001,9.5724,100352
1101.4,0.4290,0.0006,10.9311,101376
1102.4,0.4281,0.0004,9.3781,100864
1103.4,0.4287,0.0002,10.3401,98816
1104.4,0.4282,0.0008,11.6733,104960
1105.4,0.4286,-0.0002,11.4427,101888
1106.5,0.4266,0.0000,10.8906,101376
1107.5,0.4283,0.0012,9.0972,100864
1108.5,0.4284,0.0000,10.5693,100352
1109.5,0.4270,0.0009,9.3317,101376
1110.5,0.4275,0.0003,10.1488,101376
1111.5,0.4277,0.0004,10.3665,100864
1112.5,0.4281,0.0018,10.2028,101376
1113.5,0.4274,0.0007,9.4480,100864
1114.5,0.4279,-0.0002,11.6733,100864
1115.5,0.4273,0.0013,9.7239,100864
1116.6,0.4277,0.0014,10.9365,100352
1117.6,0.4275,0.0008,9.8973,101376
1118.6,0.4279,0.0006,9.7913,100864
1119.6,0.4259,0.0018,9.2172,101376
1120.6,0.4278,0.0024,9.9284,101376
1121.6,0.4282,0.0007,8.4036,100864
1122.6,0.4288,-0.0003,10.2943,100864
1123.6,0.4268,0.0008,9.2127,101376
1124.6,0.4270,-0.0002,9.9269,101376
1125.7,0.4278,0.0007,11.1665,100864
1126.7,0.4276,0.0001,10.2943,101376
1127.7,0.4284,0.0007,10.6006,101376
1128.7,0.4284,-0.0000,10.8447,100864
1129.7,0.4282,0.0002,9.4364,101376
1130.7,0.4273,-0.0001,9.9882,100864
1131.7,0.4270,0.0011,9.9810,100352
1132.7,0.4272,0.0005,10.0177,100352
1133.7,0.4270,0.0002,10.0917,101376
1134.7,0.4271,0.0006,10.4318,100352
1135.7,0.4282,0.0005,9.4523,100864
1136.8,0.4283,0.0016,9.7792,101888
1137.8,0.4277,0.0016,10.0608,100352
1138.8,0.4292,0.0006,9.8827,100864
1139.8,0.4269,-0.0002,9.6001,100864
1140.8,0.4277,0.0010,10.9365,100352
1141.8,0.4279,0.0014,10.6152,100864
1142.8,0.4282,0.0013,10.7069,100864
1143.8,0.4271,0.0009,9.8495,100352
1144.8,0.4280,0.0001,10.4754,100864
1145.8,0.4291,-0.0002,10.1113,100864
1146.8,0.4285,0.0013,11.5349,101376
1147.8,0.4281,0.0015,10.8222,100352
1148.9,0.4280,0.0003,9.9169,100864
1149.9,0.4280,0.0012,8.8450,100352
1150.9,0.4276,0.0001,9.9016,99840
1151.9,0.4274,0.0012,10.0614,100864
1152.9,0.4279,0.0005,11.6733,100864
1153.9,0.4279,0.0010,9.3692,100864
1154.9,0.4295,0.0003,10.2629,100864
1155.9,0.4278,0.0007,9.1565,100864
1156.9,0.4292,0.0005,9.3518,100352
1157.9,0.4272,0.0023,8.6344,102400
1158.9,0.4278,0.0010,9.7813,100352
1159.9,0.4282,0.0011,10.9825,101376
1161.0,0.4283,0.0006,10.2176,101376
1162.0,0.4285,0.0014,9.0621,100864
1163.0,0.4275,-0.0006,9.8370,100864
1164.0,0.4280,0.0008,10.0033,100352
1165.0,0.4292,0.0014,10.2943,101376
1166.0,0.4269,0.0012,9.6874,100352
1167.0,0.4285,0.0008,9.5647,100352
1168.0,0.4267,0.0011,9.4427,101888
1169.0,0.4271,0.0018,11.4888,101376
1170.0,0.4278,0.0015,10.9976,101376
1171.1,0.4279,0.0007,9.9436,100864
1172.1,0.4283,0.0007,10.1703,100864
1173.1,0.4279,-0.0000,11.4427,101376
1174.1,0.4278,0.0015,10.4060,100864
1175.1,0.4272,-0.0000,10.1113,101376
1176.1,0.4296,0.0012,10.5234,100352
1177.1,2.3676,0.0011,60.2927,100864
1178.1,23.7662,0.0037,241.3933,100864
1179.1,23.5059,0.0011,263.2430,100864
1180.1,9.4521,0.0011,197.1593,101376
1181.1,9.1914,0.0019,208.7679,99840
1182.2,8.0377,0.0015,194.8403,101376
1183.2,8.3360,0.0009,59.2690,101888
1184.2,9.1034,0.0005,202.5738,100864
1185.2,8.4479,0.0014,193.2948,100352
1186.2,8.3777,-0.0008,202.5738,101376
1187.2,6.4305,0.0012,60.0080,100352
1188.2,9.3318,0.0001,198.7058,100352
1189.2,12.4800,0.0008,209.5426,100352
1190.2,8.7960,0.0015,195.6132,100352
1191.2,8.8869,-0.0000,207.9932,101376
1192.2,6.3606,0.0003,59.3257,100864
1193.2,9.4438,0.0011,204.8958,100864
1194.3,8.4687,0.0023,193.2948,100864
1195.3,10.1563,0.0015,192.5223,102400
1196.3,8.4717,0.0011,191.7498,100864
1197.3,8.3898,0.0011,197.1593,101376
1198.3,6.3687,0.0001,59.2122,100864
1199.3,13.4657,0.0007,209.5426,100352
1200.3,10.2292,-0.0003,225.0582,100352
1201.3,9.7733,0.0010,209.5426,101376
1202.3,8.1778,0.0009,197.1593,100864
1203.3,7.6274,0.0006,59.2122,100864
1204.4,8.4562,0.0004,193.2948,100352
1205.4,8.4190,0.0010,207.9932,101888
1206.4,8.9079,0.0013,211.0923,100352
1207.4,6.6540,0.0004,60.1788,100864
1208.4,18.9715,-0.0010,209.5426,101376
1209.4,37.0714,1.0382,56.8384,101376
1210.4,37.0861,0.0087,56.7259,101376
1211.4,38.9642,0.0268,57.7968,101376
1212.4,36.3439,2.4470,65.6796,100864
1213.5,33.2250,0.0125,64.6564,101376
1214.5,32.8969,0.2362,64.4250,101376
1215.5,32.4481,2.0887,64.9240,100864
1216.5,38.0376,10.5693,59.9511,100864
1217.5,40.6553,15.2599,49.8935,101376
1218.5,40.8597,26.0814,50.1678,100864
1219.5,40.8523,29.3296,49.5099,100864
1220.5,39.9568,8.5625,62.6577,101888
1221.5,39.9542,13.8544,50.1678,100864
1222.6,40.8660,23.0284,50.1678,100352
1223.6,40.8772,29.2289,50.0580,100864
1224.6,39.6384,10.0198,59.6373,100864
1225.6,37.3236,2.5916,67.1912,100864
1226.6,37.6091,23.9102,66.4354,99840
1227.6,34.4121,23.8612,59.2690,100864
1228.6,34.4201,23.5669,60.1218,101376
1229.6,34.4128,23.9102,59.5530,101376
1230.6,34.4219,24.1067,59.5530,100352
1231.6,34.4183,24.0576,59.2122,100864
1232.6,34.4040,23.9102,60.9202,101888
1233.7,34.2391,23.8612,64.3672,100864
1234.7,34.4003,23.5669,64.9240,100864
1235.7,34.3427,23.3220,67.9471,101376
1236.7,35.2763,23.6649,65.6796,101376
1237.7,35.5653,23.2730,67.1912,101376
1238.7,34.8884,23.9102,65.6796,100352
1239.7,34.8041,23.8121,65.6796,101376
1240.7,34.8477,23.5669,64.9458,100864
1241.7,34.5806,23.4199,64.9240,100864
1242.7,34.3513,23.7630,64.9240,100864
1243.8,34.3504,23.4199,64.3672,101376
1244.8,34.3570,23.5179,65.6796,100864
1245.8,34.3696,23.7140,65.1196,101376
1246.8,34.8810,23.9593,64.7142,100864
1247.8,34.7367,23.9102,64.9240,100864
1248.8,34.9227,23.7140,65.6796,100864
1249.8,34.7956,23.4689,64.9240,101376
1250.8,34.9389,23.8612,67.9471,100864
1251.8,34.6519,23.9102,68.7032,100864
1252.8,34.9102,23.8121,64.7142,100352
1253.9,34.7746,23.8612,65.6796,100864
1254.9,35.3543,23.4199,65.6796,100864
1255.9,35.2403,23.8612,65.6796,101376
1256.9,35.3661,24.0084,64.1939,101376
1257.9,35.6157,23.6649,68.7032,101376
1258.9,35.4368,23.7630,68.7032,101376
1259.9,35.2354,23.8121,68.7032,101376
1260.9,35.4006,23.9102,67.1912,101376
1261.9,34.7367,23.5179,64.5407,100352
1262.9,34.9113,23.4689,66.4354,100864
1264.0,35.2310,23.7140,65.6796,100352
1265.0,35.1651,23.4689,64.9240,100864
1266.0,35.1848,23.6159,67.9471,100352
1267.0,34.9429,23.7630,65.6796,100864
1268.0,34.2045,23.8612,64.4250,100352
1269.0,34.0242,23.7140,65.6796,100864
1270.0,34.0524,23.6159,66.4354,101888
1271.0,34.1006,23.3709,67.1912,100864
1272.0,34.1852,23.8612,66.4354,100352
1273.0,34.3191,23.9102,65.6796,101888
1274.0,34.3694,23.7140,65.1775,100352
1275.1,34.0027,23.8612,64.7142,100864
1276.1,34.0693,23.7140,65.6796,100864
1277.1,34.3477,23.8612,65.6796,101376
1278.1,34.2293,23.6159,66.4354,101376
1279.1,34.1150,23.7630,65.6796,100352
1280.1,34.4673,23.8612,67.1912,100864
1281.1,34.3810,23.8612,64.8300,101376
1282.1,34.3593,23.7140,65.6796,100864
1283.1,33.6770,23.9593,65.0037,100864
1284.1,34.1748,23.8121,64.3095,100352
1285.1,34.0703,23.6159,65.6796,101376
1286.2,34.3866,23.9593,66.4354,101376
1287.2,34.5380,23.7630,65.6796,100864
1288.2,34.3851,23.7630,64.4250,100864
1289.2,33.8197,23.9102,66.4354,100864
1290.2,33.8820,23.8612,65.6796,101376
1291.2,34.2718,23.9593,64.9240,101376
1292.2,34.2417,23.6649,65.6796,101376
1293.2,34.3500,23.5669,66.4354,100352
1294.2,34.2469,23.7630,66.4354,100352
1295.2,34.6525,23.8121,67.9471,101376
1296.3,33.8907,23.8612,66.4354,101376
1297.3,33.7523,23.6649,65.6796,101376
1298.3,34.2324,23.7140,67.9471,100352
1299.3,33.8687,23.9102,64.4829,100352
1300.3,34.0581,23.7140,64.9240,100864
1301.3,34.1018,23.6649,64.9240,101376
1302.3,34.0411,23.9102,64.2517,100864
1303.3,34.2817,23.9593,64.1684,101376
1304.3,34.5547,23.7140,65.6796,101376
1305.4,34.3643,23.6159,64.8300,101376
1306.4,34.2181,23.8612,67.1912,100864
1307.4,34.1331,23.3220,66.4354,100352
1308.4,34.6038,23.7630,64.1684,100352
1309.4,34.3797,23.5179,67.9471,101376
1310.4,34.4304,23.5669,66.4354,100864
1311.4,34.2786,23.7630,64.4829,100864
1312.4,33.8207,23.7630,68.7032,100352
1313.4,34.6581,23.5179,64.8300,101376
1314.4,34.7315,23.6159,65.6796,100352
1315.4,34.5948,23.5669,67.1912,100352
1316.4,35.5458,23.8121,65.6796,101376
1317.5,34.9332,23.7140,65.6796,100864
1318.5,34.9299,23.7630,65.6796,100864
1319.5,34.7151,23.8121,65.6796,101376
1320.5,34.9206,23.5179,65.6796,100864
1321.5,34.7722,23.7140,64.9240,101376
1322.5,33.9843,23.5179,64.9240,101376
1323.5,34.8214,23.6159,64.4250,101376
1324.5,34.0294,23.7140,64.3672,101376
1325.5,33.9923,23.6649,64.9240,100864
1326.6,34.2270,23.4689,67.1912,101376
1327.6,34.2233,23.3709,67.9471,100864
1328.6,34.1628,23.9102,65.6796,101376
1329.6,33.5808,23.7630,66.4354,100864
1330.6,34.2079,23.8121,64.4829,100864
1331.6,33.7369,23.7630,66.4354,100864
1332.6,33.6316,23.9102,64.7721,100864
1333.6,33.2683,23.8121,64.7721,100864
1334.6,33.7277,23.5179,65.6796,100864
1335.6,34.2721,23.6159,66.4354,100352
1336.6,34.4826,23.6159,66.4354,101376
1337.7,34.6905,23.8121,64.4250,100864
1338.7,7.4912,0.0000,67.1912,101376
1339.7,0.4294,0.0008,9.7456,100864
1340.7,0.4295,-0.0005,10.5234,100864
1341.7,0.4300,0.0004,10.6938,100352
1342.7,0.4301,0.0008,10.0962,101376
1343.7,0.4278,0.0022,8.4595,101376
1344.7,0.4291,0.0013,8.7036,101376
1345.7,0.4292,0.0017,10.0368,100864
1346.7,0.4293,0.0010,10.9098,100352
1347.8,0.4280,0.0013,10.7528,100352
1348.8,0.4291,0.0012,10.2028,100352
1349.8,0.4292,-0.0004,11.5349,101376
1350.8,0.4279,-0.0002,10.1880,100864
1351.8,0.4287,0.0012,10.0330,101376
1352.8,0.4286,0.0019,11.0745,100864
1353.8,0.4299,0.0013,11.6271,100864
1354.8,0.4297,0.0003,10.3408,101376
1355.8,0.4281,0.0015,10.2485,101888
1356.8,0.4287,0.0013,10.3497,100864
1357.9,0.4274,0.0003,12.3203,101376
1358.9,0.4276,0.0005,8.0968,101376
1359.9,0.4295,0.0004,10.2596,100864
1360.9,0.4286,0.0016,10.1981,101376
1361.9,0.4290,0.0012,10.6041,100352
1362.9,0.4284,0.0008,10.3461,100864
1363.9,0.4276,0.0015,9.7456,100864
1364.9,0.4282,-0.0001,10.8172,100864
1365.9,0.4294,0.0017,9.7575,100352
1366.9,0.4288,-0.0002,10.6457,100864
1367.9,0.4274,0.0018,10.3563,100864
1369.0,0.4294,0.0007,10.4823,100352
1370.0,0.4272,0.0012,11.0285,100864
1371.0,0.4269,-0.0007,9.5373,100864
1372.0,0.4285,0.0011,10.6132,101888
1373.0,0.4282,0.0015,10.1158,101376
1374.0,0.4281,0.0015,10.3958,100352
1375.0,0.4294,-0.0007,9.3614,100864
1376.0,0.4267,0.0009,9.5004,101376
1377.0,0.4274,0.0010,10.1059,100864
1378.1,0.4283,0.0022,9.6429,101376
1379.1,0.4290,0.0007,9.9741,100352
1380.1,0.4281,0.0001,10.4823,101376
1381.1,0.4282,0.0006,7.9931,101376
1382.1,0.4294,0.0005,10.0198,101376
1383.1,0.4277,0.0001,10.1175,100352
1384.1,0.4295,0.0007,10.4318,100864
1385.1,0.4283,-0.0000,11.4888,101888
1386.1,0.4291,0.0021,10.1008,101376
1387.1,0.4293,0.0004,10.3580,100864
1388.2,0.4272,0.0002,8.7544,101376
1389.2,0.4289,0.0009,10.7605,101376
1390.2,0.4281,-0.0003,10.3663,100352
1391.2,0.4282,0.0015,8.7582,100864
1392.2,0.4276,-0.0006,10.4370,101376
1393.2,0.4285,0.0012,8.7470,101376
1394.2,0.4282,0.0011,9.1797,101376
1395.2,0.4285,0.0015,9.6848,100864
1396.3,0.4291,0.0016,9.8370,101376
1397.3,0.4284,0.0003,9.9284,101376
1398.3,0.4281,0.0001,11.1205,100352
1399.3,0.4269,0.0007,10.2945,100864
1400.3,0.4287,0.0010,9.7084,100352
1401.3,0.4282,0.0008,9.1177,100352
1402.3,0.4289,0.0015,10.0898,101376
1403.3,0.4306,0.0008,10.8139,100352
1404.3,0.4283,0.0007,11.9503,101888
1405.3,0.4279,0.0014,9.7300,100864
1406.3,0.4280,0.0001,7.9175,100864
1407.4,0.4294,0.0013,11.2270,101376
1408.4,0.4295,0.0003,9.8897,100352
1409.4,0.4288,0.0008,10.1570,100864
1410.4,0.4293,0.0010,8.4509,100864
1411.4,0.4292,0.0011,9.9843,101376
1412.4,0.4273,0.0001,8.8684,100864
1413.4,0.4297,0.0019,10.0198,100864
1414.4,0.4284,0.0018,10.8363,101376
1415.4,0.4294,0.0011,10.7528,101888
1416.4,0.4290,0.0004,10.0060,100864
1417.4,0.4282,0.0000,9.9268,100352
1418.5,0.4289,0.0013,10.2943,101376
1419.5,0.4285,0.0001,10.1789,100864
1420.5,0.4278,0.0001,8.8752,101376
1421.5,0.4274,0.0008,10.1113,100352
1422.5,0.4284,0.0011,9.8192,100864
1423.5,0.4285,0.0001,10.1592,101376
1424.5,0.4275,-0.0002,9.9284,101376
1425.5,0.4283,0.0013,10.0417,101888
1426.6,0.4280,0.0015,10.8447,100864
1427.6,0.4286,0.0008,10.4776,100864
1428.6,0.4279,-0.0001,11.1665,100352
1429.6,0.4276,0.0005,10.1467,100864
1430.6,0.4286,0.0006,9.9871,100352
1431.6,0.4285,0.0015,10.8447,100864
1432.6,0.4284,0.0005,9.6102,101376
1433.6,0.4284,-0.0001,10.2941,100352
1434.6,0.4291,0.0024,10.4949,101376
1435.6,0.4283,0.0012,10.0198,100864
1436.6,0.4289,0.0007,9.8618,100864
1437.6,0.4268,-0.0007,9.9741,100352
1438.7,0.4276,0.0016,9.7696,101376
1439.7,0.4284,0.0017,10.3606,100864
1440.7,0.4275,0.0002,10.2404,100352
1441.7,0.4275,0.0007,10.3960,100864
1442.7,0.4270,0.0014,9.6902,100864
1443.7,0.4288,0.0011,10.5568,101376
1444.7,0.4288,0.0008,10.5635,101376
1445.7,0.4272,-0.0004,10.5234,100864
1446.7,0.4276,0.0017,10.6260,101888
1447.7,0.4283,0.0007,9.3945,100352
1448.7,0.4283,0.0004,9.6544,100352
1449.8,0.4283,-0.0001,8.2986,101376
1450.8,0.4271,-0.0001,9.9786,101376
1451.8,0.4274,0.0015,10.0153,101376
1452.8,0.4292,-0.0003,9.8757,100352
1453.8,0.4284,-0.0006,10.4372,100864
1454.8,0.4287,-0.0006,9.7204,101376
1455.8,0.4280,0.0011,8.6931,100864
1456.8,0.4283,0.0008,10.1165,100864
1457.8,0.4286,0.0008,10.5264,101888
1458.9,12.7270,0.0030,228.1662,101376
1459.9,29.7536,0.0018,242.1723,100352
1460.9,8.4150,0.0008,228.1662,100864
1461.9,6.7252,0.0005,58.0793,100864
1462.9,10.5179,0.0012,211.0923,100864
1463.9,9.7463,-0.0001,221.1755,101376
1464.9,8.5536,0.0010,199.4792,100864
1465.9,8.5589,0.0006,196.3862,100864
1466.9,6.3868,0.0008,59.2122,100864
1467.9,8.4766,0.0020,206.4443,100864
1469.0,9.7511,0.0011,199.4792,101376
1470.0,14.1980,0.0004,207.2187,100352
1471.0,8.4375,0.0008,198.7058,100864
1472.0,6.3998,0.0015,58.4753,100864
1473.0,8.3714,0.0006,197.9325,101376
1474.0,8.4973,-0.0001,199.4792,101376
1475.0,8.8769,0.0016,198.7058,100352
1476.0,8.3505,0.0008,196.3862,101376
1477.0,7.9973,0.0011,58.4753,100864
1478.0,8.4686,0.0015,199.4792,100864
1479.1,8.6934,0.0014,203.3477,101888
1480.1,13.5281,0.0008,206.4443,100864
1481.1,6.6659,0.0000,60.0649,101376
1482.1,9.9622,0.0010,196.3862,100864
1483.1,8.5443,0.0006,199.4792,100864
1484.1,8.4942,0.0004,197.9325,101376
1485.1,8.5886,0.0006,204.8958,100352
1486.1,6.3507,0.0017,59.3257,101376
1487.1,8.5108,0.0003,197.1593,100352
1488.1,9.3231,0.0015,201.0263,100864
1489.1,17.1780,0.0005,206.4443,100864
1490.2,35.2562,0.0101,66.4354,101376
1491.2,32.8724,0.1735,66.4354,101376
1492.2,32.8964,0.1700,64.4250,100352
1493.2,33.0952,0.0100,65.6796,100864
1494.2,34.0744,23.6649,67.9471,101376
1495.2,33.4156,0.0086,66.4354,101888
1496.2,33.2890,2.3615,64.2517,100352
1497.2,40.2315,15.4010,49.2909,101376
1498.2,40.9009,23.7140,49.8386,100864
1499.3,40.9084,26.5283,50.9375,101376
1500.3,40.8995,29.5311,50.2776,101888
1501.3,39.0649,8.1095,64.1684,100352
1502.3,40.9127,22.9796,51.1578,100864
1503.3,40.9234,26.7272,50.0580,100864
1504.3,40.9151,29.1283,49.8935,100864
1505.3,36.7357,2.3435,63.6745,101888
1506.3,38.6876,23.9102,68.7032,100864
1507.3,35.1415,24.1067,64.4829,101376
1508.4,34.4089,24.1067,59.3257,101376
1509.4,34.4168,24.1067,59.2690,100864
1510.4,34.4205,24.0576,59.3257,100864
1511.4,34.4089,24.2050,59.7235,101376
1512.4,34.4134,24.1067,59.4961,101376
1513.4,34.3329,23.4689,64.3672,101888
1514.4,34.8986,23.6159,64.5407,101376
1515.5,34.9502,23.4199,64.8300,101376
1516.5,35.3724,23.5669,67.1912,100864
1517.5,36.0040,23.6649,68.7032,101376
1518.5,35.7231,23.8121,66.4354,100864
1519.5,34.8932,23.8612,64.9240,100864
1520.5,35.0035,23.9593,65.6796,100864
1521.5,35.0130,23.6649,66.4354,100864
1522.5,34.9930,23.6649,65.6796,101376
1523.5,35.0069,23.7630,64.4250,101376
1524.5,35.0016,23.7140,64.9240,100352
1525.5,34.9910,23.7140,65.6796,100864
1526.6,35.1861,23.9102,64.4829,101376
1527.6,35.0234,23.8121,64.7721,100864
1528.6,34.8372,23.8121,65.6796,101376
1529.6,35.7127,23.6159,66.4354,100864
1530.6,36.0012,23.6649,64.5407,100352
1531.6,35.7126,23.9102,65.6796,101376
1532.6,35.4799,23.9593,67.1912,101888
1533.6,34.7079,23.9102,67.1912,100864
1534.6,34.7662,23.9102,64.9240,100352
1535.7,34.6175,23.8612,65.6796,101888
1536.7,34.9165,23.8612,67.1912,101376
1537.7,34.7278,24.0084,66.4354,100864
1538.7,35.0690,23.7140,64.9240,101376
1539.7,35.8481,24.1067,64.2517,100864
1540.7,35.2868,24.0576,64.9240,101376
1541.7,35.9743,23.9593,67.9471,100352
1542.7,35.7462,23.9593,66.4354,101376
1543.7,35.4835,23.6649,64.9240,100352
1544.8,35.4283,23.7140,67.1912,101376
1545.8,35.4829,23.7140,65.6796,100864
1546.8,35.3681,23.6649,65.6796,100864
1547.8,35.3045,23.9102,65.0037,101376
1548.8,35.3728,23.8121,65.6796,101888
1549.8,35.3153,23.6649,64.9240,101376
1550.8,35.2128,23.9102,65.6796,100864
1551.8,34.9249,24.0576,65.6796,100864
1552.8,34.9103,23.8121,65.6796,101376
1553.9,34.8792,23.7140,65.6796,100352
1554.9,35.4726,23.8612,64.3672,101888
